rrcDist,nLeaseRep,nLeaseDelq,nWellFlow,nWellOther,bblAllowMonth,bblAllowDelqMonth,bblReportedMonth,bblReportedDay,pctUnderProduced,pipeline,trucks,otherTrans,bblClosingStock,date
1,6158,157,3162,18746,33914243,283988,16104072,519486,52.22,9747356,6358482,30834,1827016,2018-12-01
10,3113,128,1350,7392,6056804,102052,996169,32134,82.96,35390,925963,570,889779,2018-12-01
2,2625,34,1675,4358,34126774,330491,14709424,474498,56.56,10212367,4515270,36185,923306,2018-12-01
3,5337,378,2202,5488,6407556,195404,2869233,92556,54.15,510032,2351092,17945,1130180,2018-12-01
4,1083,17,202,1076,416255,5859,232710,7507,43.6,15728,217019,1607,181797,2018-12-01
5,994,16,329,1316,1938604,1490,520932,16804,73.1,18180,498590,446,173852,2018-12-01
6,3309,39,419,7367,10230129,29191,912677,29442,91.08,298339,594497,736,572213,2018-12-01
7b,4797,219,554,8080,1317571,48106,740590,23890,42.51,217073,510390,940,624674,2018-12-01
7c,6039,209,1018,15848,19217116,633774,10292755,332024,45.29,6401998,3939915,7271,1443263,2018-12-01
8,17891,228,7199,50920,340605,1369112,52185692,1683409,47.51,37951558,14101236,83699,6630926,2018-12-01
8a,4359,116,912,19103,11161337,1291739,7442498,240081,29.27,5380677,2063616,1645,999440,2018-12-01
9,7194,219,607,16649,1659106,54238,799359,25786,50.68,46230,746297,1036,952399,2018-12-01
1,5996,239,3461,18515,36621285,147750,15107992,503600,58.6,8973714,6078149,26781,1842401,2018-11-01
10,3224,74,1418,7342,5900281,73263,908354,30278,84.17,35187,861247,1747,954924,2018-11-01
2,2620,35,1626,4437,39229137,203500,14087598,469587,63.91,9903083,4125808,11512,979211,2018-11-01
3,5423,333,2185,5391,5985138,999680,2513104,83770,52.16,454523,2031784,4800,1124440,2018-11-01
4,1055,32,193,1041,401817,11160,232494,7750,41.17,15817,222623,135,144537,2018-11-01
5,983,22,324,1265,1850514,190688,459576,15319,71.56,17704,448802,308,166242,2018-11-01
6,3328,35,413,7406,9880600,16920,879260,29309,91.1,287725,591277,NA,556979,2018-11-01
7b,4844,216,535,8255,1265418,36807,726463,24215,41.57,217300,539632,2332,614213,2018-11-01
7c,6142,110,1059,16090,17554596,94311,10127471,337582,42.12,6230733,3902604,8365,1583714,2018-11-01
8,17556,485,7095,50160,97721000,4070226,49614361,1653812,47.77,35969239,13722236,76982,6433042,2018-11-01
8a,4282,178,683,15565,10915425,4223568,4650451,155015,43.85,2651351,2054880,2499,967082,2018-11-01
9,7220,225,623,16802,1606918,54998,772910,25764,50.7,46910,739097,2307,1158443,2018-11-01
1,6159,134,3432,18993,38562775,173197,15406062,496970,59.89,9268938,6036872,19721,1829027,2018-10-01
10,3263,35,1392,7646,5525066,46150,968902,31255,82.17,49567,917667,732,975089,2018-10-01
2,2613,29,1580,4425,38964895,178428,14003126,451714,63.9,9908514,4038452,7209,924133,2018-10-01
3,4805,894,1686,5379,5711862,2130856,2133421,68820,49.59,492735,1622227,5611,1012605,2018-10-01
4,1071,24,198,1054,418467,5184,238509,7694,42.57,16972,220344,28,188823,2018-10-01
5,918,80,263,1317,1557267,889930,332503,10726,58.65,15157,313731,167,151206,2018-10-01
6,3316,39,421,7750,1577777,7215,928701,29958,41.14,288635,634442,520,561339,2018-10-01
7b,4961,158,513,8459,1301679,32810,746553,24082,41.76,221724,485947,1249,658564,2018-10-01
7c,6150,111,1055,16272,18254007,62000,10614958,342418,41.73,6728146,3761559,8828,1593815,2018-10-01
8,17698,297,7082,50683,97914448,2186699,51768306,1669945,46.35,37875647,13577569,88420,6642559,2018-10-01
8a,4242,202,675,15500,11139588,4315288,4851361,156496,42.89,2827745,1976237,3835,1022408,2018-10-01
9,7300,186,647,17336,1632845,33537,780420,25175,51.49,45809,705730,1190,1204472,2018-10-01
1,6009,181,3283,18429,34939718,227676,15214912,507164,56.23,9283098,5826498,27148,1732947,2018-09-01
10,3274,23,1388,7545,4504126,24575,961453,32048,78.46,52328,882499,1075,974563,2018-09-01
2,2593,25,1554,4389,36569235,39150,14433524,481117,60.49,10186098,4176331,10030,872177,2018-09-01
3,5026,708,1656,5560,5175344,1768356,2067199,68907,48.1,481508,1584882,4916,1012389,2018-09-01
4,1070,30,199,1054,391400,8036,223150,7438,42.27,15758,199420,5,187301,2018-09-01
5,932,75,263,1457,1638547,845220,322040,10735,62.29,16993,303543,197,148689,2018-09-01
6,3322,35,NA,7724,1538087,9870,900534,30018,41.45,285459,600694,485,546697,2018-09-01
7b,4870,203,499,8161,1259377,50024,745171,24839,39.44,217464,497157,1314,603828,2018-09-01
7c,6113,134,1016,16032,18482680,997203,9976225,332541,44.14,6714670,3209880,10639,1424606,2018-09-01
8,17416,460,7194,50588,94471814,3907167,47422260,1580742,48.36,34736854,12499334,76950,6263397,2018-09-01
8a,4385,60,1031,21510,10853290,17040,7992933,266431,26.3,6038118,1890532,1909,1008371,2018-09-01
9,7234,228,644,16959,1571104,54321,769331,25644,49.82,46980,663374,3089,935539,2018-09-01
1,6090,150,3345,18462,35611068,440547,15250392,491948,56.74,9427028,5795776,22073,1650406,2018-08-01
10,3245,66,1342,7676,3889131,16616,969943,31288,74.91,52821,925227,998,947029,2018-08-01
2,2553,49,1509,4368,36240206,663687,14155568,456631,60.3,9893841,4267103,10260,802096,2018-08-01
3,4753,908,1631,5306,5203859,1747639,2168599,69955,46.57,519920,1663776,5302,985063,2018-08-01
4,1068,31,195,1071,407862,16368,250163,8070,37.26,16060,228535,554,177993,2018-08-01
5,929,69,232,1482,1709021,768862,329780,10638,64.96,16623,309146,137,146437,2018-08-01
6,3314,32,4874,477293,1104127,217549,729665,23370.94,33.91,456624,NA,NA,538947,2018-08-01
7b,4876,187,506,8044,1305134,43321,783972,25289,38.77,227529,557866,2344,581432,2018-08-01
7c,6106,104,975,16337,19376290,69259,10483181,338167,45.77,6479958,4035912,12260,1425766,2018-08-01
8,17161,600,7007,49619,94937108,5197297,46564173,1502070,49.04,33824412,12638036,75647,6090602,2018-08-01
8a,4236,190,682,15430,10435603,4332994,4792026,154581,39.55,2722994,2071357,1769,906943,2018-08-01
9,7289,190,664,17127,1628725,37377,800863,25834,50.03,46413,757835,1172,891880,2018-08-01
1,6088,170,3250,18501,37326556,569501,15321344,494237,58.42,9353778,5922358,25676,1634960,2018-07-01
10,3145,123,1353,7727,3365993,79980,892645,28795,72.65,54647,841052,912,849737,2018-07-01
2,2546,43,1321,4343,33815882,1462670,12855797,414703,60.47,8904495,3962691,21780,800971,2018-07-01
3,4858,794,1645,5296,4692835,1046194,2104034,67872,47.36,539360,1553439,3326,1013065,2018-07-01
4,1049,44,195,1039,391583,16957,238784,7703,37.51,15494,225125,698,137365,2018-07-01
5,945,64,230,1500,1691401,748030,331994,10709,64.89,21071,313813,128,144324,2018-07-01
6,3345,24,427,7740,5779198,14477,918049,29614,84.11,294385,626257,NA,548103,2018-07-01
7b,4951,177,501,8191,1386974,46661,771862,24899,43.17,226193,542843,1974,592346,2018-07-01
7c,6120,105,984,16326,20311072,425705,10172793,328155,49.18,6380215,3755891,11693,1472088,2018-07-01
8,17264,407,7017,50681,89719839,1293545,45702995,1474290,48.56,32682800,12951740,75592,6099518,2018-07-01
8a,4412,47,1031,21381,10561304,255894,8105242,261459,22.41,6073780,2048197,5726,947265,2018-07-01
9,7322,194,672,16907,1656470,34158,787847,25414,51.72,50979,731917,752,903550,2018-07-01
1,5943,271,3101,18570,34076389,445867,15387145,512905,54.39,9516923,5885897,24212,1586892,2018-06-01
10,3215,80,1317,7832,3261240,53880,922385,30746,71.14,55075,847229,1242,866396,2018-06-01
2,2558,34,1293,4387,31508286,42270,12780350,426012,59.39,8880069,3785808,66648,843844,2018-06-01
3,5016,681,1646,5567,4495082,1000560,2059181,68639,46.4,547104,1508904,3196,1024364,2018-06-01
4,1100,19,203,1077,387722,4980,232723,7757,39.53,14854,209805,271,175962,2018-06-01
5,940,61,232,1506,1604405,722610,337046,11235,63.23,20756,312637,385,147421,2018-06-01
6,3328,29,426,7734,5290824,5700,892950,29765,83.12,286758,598230,439,552005,2018-06-01
7b,4893,213,493,8385,1353600,37114,758253,25275,43.02,223285,534617,2501,583451,2018-06-01
7c,6149,77,977,16300,19044081,133095,9674180,322473,48.96,6178230,3500184,7882,1454913,2018-06-01
8,17247,418,7090,50673,88199737,2754231,42912813,1430427,50.25,30584309,12227505,82309,6140159,2018-06-01
8a,4395,49,1037,21536,10136517,64050,7990586,266353,20.95,6061118,1948909,2426,1007903,2018-06-01
9,7279,233,662,16903,1578102,44296,770928,25698,50.17,49649,736849,2403,893561,2018-06-01
1,6008,190,3366,18206,38615313,1751798,14346762,462799,61.26,7735569,6628184,21113,1635848,2018-05-01
10,3283,30,1381,8143,5187412,6634,1011670,32635,80.45,60829,976419,1016,947618,2018-05-01
2,2541,40,1872,3758,31417579,356183,11662128,376198,62.48,8256529,3397967,9582,794437,2018-05-01
3,4980,716,1662,5341,4709707,965748,2091524,67469,48.41,588657,1545821,4335,1024257,2018-05-01
4,1069,30,198,1044,390723,12501,262205,8458,31.77,16326,247050,563,164846,2018-05-01
5,951,55,226,1511,1505608,688851,349609,11278,60.77,22461,329163,112,144942,2018-05-01
6,3272,87,420,7638,5777189,23521,912226,29427,84.21,297763,624589,NA,529561,2018-05-01
7b,4961,161,515,8293,1408853,35453,805862,25996,41.92,232311,575672,2413,589650,2018-05-01
7c,6112,93,978,16270,19418373,63515,10094569,325631,47.9,6462459,3643649,7788,1450084,2018-05-01
8,17120,477,7075,50143,89205015,2356333,44219032,1426420,49.51,31109627,13130661,80021,6120479,2018-05-01
8a,4324,116,1039,21182,10667116,142693,8176126,263746,22.88,6213229,1950078,1862,1014695,2018-05-01
9,7215,258,665,16775,1635808,66534,764183,24651,51.86,49084,724780,1925,905276,2018-05-01
1,6108,80,3350,18697,36034101,671310,14415201,480507,59.34,7732420,6653226,22128,1683717,2018-04-01
10,3199,95,1396,7875,5667095,57750,1021874,34062,81.61,57893,957311,610,961323,2018-04-01
2,2564,22,1811,3769,26682308,194820,10918262,363942,58.82,7556183,3371152,16379,790115,2018-04-01
3,5027,681,1738,5459,4341086,926480,2043059,68102,45.47,552054,1468071,3625,1051448,2018-04-01
4,1060,34,199,1046,362347,14940,220504,7350,37.7,16266,204104,309,165865,2018-04-01
5,934,69,216,1489,1511554,669240,350659,11689,61.31,21581,336320,174,142340,2018-04-01
6,3311,37,NA,7629,1511267,20238,880029,29334,41.77,299226,585598,560,554318,2018-04-01
7b,4870,219,498,8164,1429402,46860,792087,26403,43.44,243282,558055,2076,588882,2018-04-01
7c,6066,113,959,16313,18849757,160550,9780451,326015,47.82,6165399,3599642,7739,1467868,2018-04-01
8,17029,462,6964,50602,81571523,1325403,43066853,1435562,46.63,30109504,12883521,157987,6199487,2018-04-01
8a,4364,80,1040,21711,10364632,102675,8126937,270898,21.24,6203653,1921921,1686,1007866,2018-04-01
9,7348,211,661,17406,1589645,46947,779113,25970,49.95,47915,743683,1852,934665,2018-04-01
1,5999,155,3215,18289,33431950,108252,14829861,478383,55.53,8236381,6617440,22713,1649167,2018-03-01
10,3054,206,674,8043,5391665,96534,987183,31845,81.06,45044,963406,611,842176,2018-03-01
2,2532,18,1746,3712,23006057,56947,11088259,357686,51.72,7469894,3643479,9925,810266,2018-03-01
3,4951,708,1736,5397,4400087,816850,2105105,67907,45.66,576903,1510236,4828,1011431,2018-03-01
4,1066,40,199,1042,384581,12094,231689,7474,38.65,15951,215976,479,165947,2018-03-01
5,930,73,222,1436,1515434,689561,360223,11620,60.3,22501,338703,228,151199,2018-03-01
6,3333,30,432,7197,1541964,22413,907308,29268,41.16,316060,605104,756,561468,2018-03-01
7b,4935,172,498,8382,1482312,35828,829415,26755,43.2,258049,588109,1526,610735,2018-03-01
7c,6151,58,950,16427,18976466,120838,9832485,317177,47.96,6187757,3653883,9857,1466195,2018-03-01
8,17238,286,6828,51662,83174908,1632748,43507553,1403469,47,30103695,13241881,80934,6294298,2018-03-01
8a,4380,77,1038,21677,10822519,116033,8340520,269049,22.56,6403137,1934370,2577,973772,2018-03-01
9,7342,228,655,17311,1662444,52179,797940,25740,50.9,52068,780819,5430,939661,2018-03-01
1,6075,71,3152,18690,26247304,259448,12183463,435124,53.24,6520602,5607745,22870,1687640,2018-02-01
10,3264,31,1440,8217,3981422,7084,907980,32428,77.13,51858,851211,1576,988276,2018-02-01
2,2539,27,1722,3704,21599366,266784,10145124,362326,52.6,6988260,3119018,10734,852903,2018-02-01
3,5664,61,2082,5919,3895093,60156,2198844,78530,43.01,533964,1689579,3114,1146386,2018-02-01
4,1097,22,201,1069,347023,4844,215631,7701,37.37,15106,198871,1137,171264,2018-02-01
5,976,22,257,1428,1367999,93800,418953,14963,66.97,19359,421750,2491,168648,2018-02-01
6,3351,NA,406,7268,1411819,NA,827621,29558,41.38,279600,536531,961,579969,2018-02-01
7b,4849,236,487,8309,1349888,47889,748740,26741,43.29,231958,497318,1443,624869,2018-02-01
7c,6123,76,1023,16263,17357221,101608,8923787,318707,48.38,5645226,3274702,10874,1485279,2018-02-01
8,17301,174,6649,52080,72376928,871025,37714024,1346929,47.47,25755372,11785558,81349,6272424,2018-02-01
8a,4443,45,1034,21667,9764251,29680,7606952,271677,21.99,5766234,1816935,1607,982540,2018-02-01
9,7448,157,694,17398,1448988,30712,713160,25470,50.04,51048,605751,1192,1000857,2018-02-01
1,5987,91,3086,18478,28238097,88381,13170851,424866,53.25,7106269,6075951,21391,1638275,2018-01-01
10,3290,37,1441,8195,5351689,18678,981969,31676,81.53,61199,914285,1598,983993,2018-01-01
2,2520,23,1696,3725,24329086,152830,11359550,366437,53.09,7957470,3361356,13788,820139,2018-01-01
3,5016,669,1752,5483,4321370,751465,2014647,64989,47.29,523987,1427521,16913,1036824,2018-01-01
4,1054,48,207,1040,393489,13485,220915,7126,42.66,16979,202894,789,161998,2018-01-01
5,918,72,214,1395,1272184,509144,355398,11464,58.06,17875,321490,583,166813,2018-01-01
6,3306,36,NA,7541,1582244,11904,889697,28700,43.77,290692,587431,233,560324,2018-01-01
7b,4979,139,419,8861,1505198,45229,826427,26659,44.04,261438,574662,1496,618483,2018-01-01
7c,6099,79,1002,16400,19483623,50832,9710347,313237,50.07,6088284,3675635,10870,1484267,2018-01-01
8,17157,252,6560,51509,76516942,1373839,38362814,1237510,49.24,25876880,12495559,86779,6154010,2018-01-01
8a,4435,52,1027,21952,10743864,128810,8246670,266022,22.82,6311100,1984777,2092,956378,2018-01-01
9,7372,196,708,17381,1608801,43383,800916,25836,49.27,58698,758706,3238,926158,2018-01-01
1,5980,114,3056,18381,27753590,286254,13770523,444210,50.02,7180935,6564686,24243,1605534,2017-12-01
10,3282,42,1398,8029,5593672,13423,981912,31675,82.36,69877,902596,12487,968820,2017-12-01
2,2520,24,1639,3739,25849099,463419,10261905,331029,59.67,7227228,2985402,12971,785529,2017-12-01
3,4999,700,1757,5470,4392844,762524,2066124,66649,46.89,549980,1501475,2642,985251,2017-12-01
4,1108,24,211,1093,386822,8990,220170,7102,42.27,18156,196575,25,168341,2017-12-01
5,935,58,213,1328,1203489,502548,347531,11211,56.51,16229,327560,326,152880,2017-12-01
6,3361,33,412,7614,1534253,14694,901581,29083,41.24,300484,589568,1005,557956,2017-12-01
7b,4981,190,379,8686,1491573,51462,820502,26468,43.78,267039,526710,1480,632232,2017-12-01
7c,6098,102,1032,16444,18682517,119009,9633882,310770,48.21,5895818,3606152,8692,1549585,2017-12-01
8,16984,301,6528,52043,72774255,2627882,37359097,1205132,47.4,25016481,12050213,60734,6163882,2017-12-01
8a,4446,32,1046,21802,10507522,13144,8465539,273082,19.39,6397757,2011617,1569,1006735,2017-12-01
9,7416,182,649,17718,1606254,36754,809183,26103,48.82,55360,715312,766,962763,2017-12-01
1,5907,152,2926,18457,31838376,232290,13383931,446131,57.71,7030221,6330636,23573,1614488,2017-11-01
10,3200,74,824,8397,5686240,18840,1005094,33503,82.21,64897,942335,1092,983717,2017-11-01
2,2492,35,1702,3649,27200910,7860,10915050,363835,59.86,8076236,2825322,8250,749381,2017-11-01
3,5519,204,2061,5688,4213969,71520,2364071,78802,43.31,571221,1784065,2545,1094643,2017-11-01
4,1064,40,210,1056,376983,13320,220640,7355,40.24,16312,205647,477,158068,2017-11-01
5,957,27,245,1340,1168402,176760,409736,13658,59.64,18628,388203,541,160701,2017-11-01
6,3330,33,415,7615,1474611,15150,874640,29154,40.69,299294,561574,1306,550542,2017-11-01
7b,4884,243,370,8743,1366409,61080,794463,26482,40.29,256798,540373,1063,592251,2017-11-01
7c,6080,93,1012,16437,17736931,221480,9745193,324840,44.62,6096603,3712281,11334,1424065,2017-11-01
8,17031,217,6496,52173,64708828,1659004,34962539,1165418,45.07,23070585,11792132,57138,5931838,2017-11-01
8a,4384,79,1026,21749,10086570,56616,8105079,270169,19.45,6092384,2004090,1688,938421,2017-11-01
9,7494,147,650,17901,1536317,28930,804986,26833,46.94,52850,763755,1317,932315,2017-11-01
1,5935,126,1899,18663,30340406,271923,13419294,432880,55.46,6985355,6430898,28911,1642022,2017-10-01
10,3220,59,797,8556,4985320,28029,997540,32179,79.79,70272,959902,1743,982293,2017-10-01
2,2503,32,1704,3654,26481060,27559,11144702,359507,57.88,8094361,3027161,13504,745637,2017-10-01
3,5570,160,1998,5883,4544508,93465,2414529,77888,46.15,576921,1827731,3502,1090648,2017-10-01
4,1098,30,209,1075,387758,13237,232144,7489,38.94,19155,208726,3000,163846,2017-10-01
5,965,22,255,1364,1122107,29977,446182,14393,59.3,17697,424985,599,160531,2017-10-01
6,3249,85,NA,7572,1546434,37882,873417,28174,43.52,313281,558593,713,530145,2017-10-01
7b,4966,210,389,8754,1430081,65441,810257,26137,41.74,261689,572093,1059,604670,2017-10-01
7c,5990,139,999,16375,17604062,212739,9689905,312578,44.53,6036857,3617539,7646,1478164,2017-10-01
8,16937,180,6391,51959,63181403,1076788,34300501,1106468,45.11,22489063,11708642,53718,5838517,2017-10-01
8a,4417,58,1017,22115,11638390,125829,8195961,264386,29.2,6169731,2099924,2216,946741,2017-10-01
9,7206,303,653,17385,1633444,87515,784353,25302,50.11,55740,736420,683,902015,2017-10-01
1,5861,210,1886,17841,29486613,400500,13349878,444996,54.25,6852330,6459562,22336,1594567,2017-09-01
10,3253,62,700,8317,5091106,30480,1002974,33432,80.09,34371,929768,2074,1020833,2017-09-01
2,2512,16,1704,3676,25281120,80910,10519742,350658,58.28,7560979,2980580,10133,738567,2017-09-01
3,4925,804,1740,5443,4265949,696451,1784604,59487,52.45,494728,1329292,7399,964724,2017-09-01
4,1126,29,210,1137,400231,12960,215678,7189,44.98,17585,199059,755,166944,2017-09-01
5,950,44,220,1485,1130455,405115,346436,11548,56.81,18473,332536,185,148506,2017-09-01
6,3344,33,NA,7735,1514336,19980,865035,28834,42.88,302924,564182,801,543334,2017-09-01
7b,4944,203,374,8461,1383582,64270,778621,25954,42.1,246851,510547,932,624977,2017-09-01
7c,6021,112,1007,16430,17174405,249570,9091218,303041,46.56,5824528,3205136,9918,1448602,2017-09-01
8,16897,136,6255,52218,63663531,614665,31862144,1062071,49.61,20299938,11207777,45887,5753134,2017-09-01
8a,4424,51,1022,21805,11406591,64020,8051208,268374,29.22,5993834,1963248,1782,1028732,2017-09-01
9,7385,224,669,17729,1604494,46690,788696,26290,49.83,53856,707310,701,932186,2017-09-01
1,5891,140,1850,18207,30380712,202833,12924722,416927,57.22,6442279,6390051,23327,1610570,2017-08-01
10,3232,61,650,8476,5145910,27528,1036090,33422,79.68,54590,969390,1821,957023,2017-08-01
2,2524,19,1693,3669,26688158,294517,9704312,313042,63.25,7040852,2527562,10849,761441,2017-08-01
3,4995,684,1760,5605,4200017,466798,1903962,61418,50.78,492289,1349592,4455,1013506,2017-08-01
4,1100,35,209,1103,400983,13485,214598,6923,45.3,18307,192224,859,165350,2017-08-01
5,942,50,218,1426,1089150,391158,354340,11430,54.9,18657,333948,121,153958,2017-08-01
6,3313,48,NA,7678,1553821,27722,893123,28810,42.52,311027,573067,576,548189,2017-08-01
7b,4990,213,380,8706,1445755,33960,823941,26579,42.19,261336,551882,2018,606444,2017-08-01
7c,6050,57,979,16583,17933474,131199,9037590,291535,49.35,5662679,3399882,6444,1399114,2017-08-01
8,16780,192,6168,52289,68063910,920382,32620003,1052258,51.6,21240439,11418306,40181,5302852,2017-08-01
8a,4439,43,1012,21988,14069965,34814,8230641,265505,41.42,6191453,2040876,1686,939244,2017-08-01
9,7355,254,679,17632,1693427,58860,814347,26269,50.69,53794,743931,3892,912255,2017-08-01
1,5990,78,1814,18960,30624142,290067,13872383,447496,54.37,6959867,6914208,20325,1598291,2017-07-01
10,3321,20,670,8810,4444552,29822,1090633,35182,75.23,52590,1021210,1064,991137,2017-07-01
2,2511,18,1689,3657,25760034,14291,11828159,381554,54.06,8716143,3173180,8113,630097,2017-07-01
3,5053,681,1715,5617,4085138,373178,2123244,68492,44.83,584095,1520975,1657,958928,2017-07-01
4,1099,35,204,1111,394689,9765,231878,7480,40.38,17440,210976,3949,157966,2017-07-01
5,922,64,209,1446,1069438,399621,372735,12024,52.07,20466,355789,53,149718,2017-07-01
6,3358,34,NA,7720,6412144,15345,895896,28899,86.03,313598,579597,1042,546812,2017-07-01
7b,5046,139,385,8937,1480232,22891,820758,26476,44.01,256642,575567,1535,605607,2017-07-01
7c,6031,72,976,16513,18502760,100998,8777804,283155,52.37,5436853,3319992,8089,1428091,2017-07-01
8,16733,164,6195,52172,65533178,459725,32463429,1047207,50.22,20988329,11416096,34535,5496075,2017-07-01
8a,4395,50,1006,22088,14262318,26380,8224395,265303,42.27,6162282,2052891,2604,967066,2017-07-01
9,7506,162,695,18016,1699935,35053,822175,26522,50.91,55309,764142,1896,920196,2017-07-01
1,5917,130,1785,18758,30100836,506580,13906673,463556,53.21,6845014,7085403,26680,1541724,2017-06-01
10,3297,28,670,8761,4365419,39568,1007248,33575,76.61,39931,989509,2416,971092,2017-06-01
2,2516,30,1658,3670,25933905,73650,11127390,370913,56.99,7893264,3234357,7526,687406,2017-06-01
3,5434,320,1823,5857,3540821,139980,2234821,74494,35.5,568732,1697705,4224,1010563,2017-06-01
4,1104,46,207,1101,372903,15140,214325,7144,41.1,17334,190542,3513,158592,2017-06-01
5,920,57,216,1378,1068830,380970,369735,12325,52.93,20470,355517,201,153518,2017-06-01
6,3295,61,450,7693,5869694,30270,883141,29438,84.95,325834,569497,597,537694,2017-06-01
7b,4995,215,379,8739,1423423,71957,778350,25945,43.55,247811,532950,3428,605534,2017-06-01
7c,5969,103,931,16380,17250275,76080,8098349,269945,52.9,4911749,3200917,16190,1402698,2017-06-01
8,16681,217,6190,51715,62981413,599940,31188627,1039621,50.15,19649679,11608286,34394,5358588,2017-06-01
8a,4425,48,978,22150,12174231,36750,7905541,263518,34.96,5894376,1995582,1644,945837,2017-06-01
9,7455,209,695,17878,1655115,41370,805175,26839,50.48,58607,761501,1900,917016,2017-06-01
1,6018,81,3367,18316,29247097,83545,15139521,488372,48.14,7588132,7533591,27632,1667335,2017-05-01
10,3347,24,687,9197,4769273,35434,1045207,33716,77.82,57688,1000764,4739,1004979,2017-05-01
2,2521,25,2023,3316,27281233,9238,12364316,398849,54.67,8688478,3692501,5724,695212,2017-05-01
3,5410,362,1826,5862,3688770,171988,2307079,74422,35.82,542236,1761175,5479,1040200,2017-05-01
4,1131,31,211,1128,401106,5983,223423,7207,43.78,19869,204903,581,163131,2017-05-01
5,929,46,217,1436,1172420,364374,397786,12832,55.19,23272,375678,237,160631,2017-05-01
6,3374,23,451,7804,6398993,14942,920650,29699,85.61,326800,600367,NA,563416,2017-05-01
7b,5162,115,382,8959,1489373,28660,857346,27656,41.76,261414,598415,1726,635547,2017-05-01
7c,6091,36,926,16532,17953206,37096,8478735,273508,52.7,5167676,3305076,11719,1446751,2017-05-01
8,16753,147,6225,52195,63439541,876769,32620196,1052264,48.1,20472600,12072957,47656,5546861,2017-05-01
8a,4443,46,1037,22225,12902100,36966,8280943,267127,35.72,6217450,2096695,2452,932614,2017-05-01
9,7629,117,702,18259,1751485,24731,846879,27319,51.15,58943,788972,1264,947676,2017-05-01
1,5957,92,2458,18100,28520818,313998,14333230,477774,49.36,6920426,7368255,24585,1619632,2017-04-01
10,3307,43,686,9125,5294318,77702,1086351,36212,78.97,48519,1015379,1180,996302,2017-04-01
2,2524,19,2039,3283,26418510,5730,12910152,430338,51.12,9219139,3679764,8999,720197,2017-04-01
3,5635,177,1992,5897,4048361,55650,2392439,79748,40.42,547369,1843452,5521,1104193,2017-04-01
4,1151,23,210,1136,400260,6060,226465,7549,42.89,19313,202003,1101,165409,2017-04-01
5,944,24,241,1442,1133670,93330,462220,15407,56.35,20464,430720,221,171650,2017-04-01
6,3361,27,NA,7755,1520254,11190,917463,30582,39.65,335570,575566,404,569686,2017-04-01
7b,5122,105,386,8936,1442776,17781,825370,27512,42.36,245537,577156,1700,640372,2017-04-01
7c,5997,60,907,16450,16965986,69089,8152866,271762,51.8,4834283,3320186,11273,1443820,2017-04-01
8,16586,241,6088,52028,57256443,704883,30482375,1016079,46.33,18677822,11720411,39664,5411073,2017-04-01
8a,4397,72,1040,22191,10129826,111456,7957639,265255,21.06,6033088,1914258,2659,954567,2017-04-01
9,7505,187,684,18295,1687477,44730,842560,28085,49.14,58256,787223,2892,940026,2017-04-01
1,5925,78,3292,18030,29895810,36611,14840284,478719,50.32,7328002,7514189,25795,1641142,2017-03-01
10,3323,28,694,9140,5606881,9122,1071109,34552,80.84,59108,1007800,980,983429,2017-03-01
2,2532,20,1991,3270,26698056,41656,14057288,453461,47.29,10130372,3906133,16990,706249,2017-03-01
3,5592,242,1937,5924,3887829,86118,2443265,78815,36.38,563751,1886662,7867,1087510,2017-03-01
4,1110,26,211,1102,419370,7901,238390,7690,42.5,21144,223457,95,155300,2017-03-01
5,936,30,249,1347,1328860,11991,519972,16773,60.55,21573,506884,150,161279,2017-03-01
6,3324,41,NA,7680,1572878,23622,970532,31308,38.3,358076,612178,1431,557794,2017-03-01
7b,5080,155,377,8618,1475202,28901,829804,26768,43.06,248206,589883,1689,635885,2017-03-01
7c,5978,78,926,16282,18106869,24775,8731042,281647,51.73,5203456,3575528,15362,1452854,2017-03-01
8,16812,105,6603,52182,57070797,716253,31412736,1013314,44.52,19200593,12288656,43833,5445771,2017-03-01
8a,4415,48,1040,22291,10480250,17329,8270831,266801,21.02,6238720,2065371,2210,954656,2017-03-01
9,7541,159,686,18272,1759756,50957,858530,27695,50.2,60403,816564,1849,951781,2017-03-01
1,5909,82,2319,17905,26856863,88334,13578461,484945,49.33,6759501,6788730,31979,1669631,2017-02-01
10,3299,41,672,9042,5365848,33208,996591,35593,81.21,64464,945139,1495,972030,2017-02-01
2,2526,20,1951,3263,22520169,22428,12414044,443359,44.84,8914026,3369812,143402,714419,2017-02-01
3,5730,112,1947,6092,3676467,52942,2269943,81069,37.75,505459,1742958,5390,1135951,2017-02-01
4,1124,22,207,1119,376427,5208,227787,8135,39,18373,205335,44,161104,2017-02-01
5,963,14,261,1387,1058260,1400,501200,17900,52.59,17682,479410,125,176194,2017-02-01
6,3392,NA,NA,7710,1434188,NA,901877,32210,37.12,323382,579161,947,566739,2017-02-01
7b,5019,196,378,8418,1330036,37978,748924,26747,42.69,228744,513716,1363,636586,2017-02-01
7c,6047,49,966,16285,16337502,70222,7778609,277807,52.24,4217284,3539475,7501,1522298,2017-02-01
8,16723,111,6496,51902,49546572,889249,27841998,994357,43.18,16807511,11037151,49404,5477297,2017-02-01
8a,4402,70,1038,22270,9381653,28308,7542836,269387,19.49,5722316,1813964,2193,980479,2017-02-01
9,7541,134,677,17831,1599312,21716,800909,28604,49.45,62961,717155,1161,975239,2017-02-01
1,5937,65,3195,17699,29479991,478008,14807030,477646,49.21,7237724,7575261,24530,1662186,2017-01-01
10,3271,65,665,8563,5233050,41416,933272,30106,81.89,53272,873920,1564,978663,2017-01-01
2,2510,30,1899,3267,23132936,106017,12638061,407679,45.21,9013492,3620228,13468,726785,2017-01-01
3,5775,134,1952,5959,4200921,71052,2541319,81978,38.91,566441,1992467,5963,1124336,2017-01-01
4,1160,16,199,1133,388634,4278,232113,7488,39.89,22899,207658,1421,161748,2017-01-01
5,966,10,258,1364,1154006,12152,546868,17641,52.24,22868,537277,120,171428,2017-01-01
6,3359,35,430,7495,6651061,6324,976795,31510,85.31,354991,612121,934,564417,2017-01-01
7b,5098,147,382,8614,1429609,30466,839332,27075,40.54,263139,566949,1922,637729,2017-01-01
7c,6048,51,749,16521,17719921,42670,8370891,270029,52.68,4669427,3697722,8842,1496302,2017-01-01
8,16755,98,6441,51860,53617065,516551,29851784,962961,43.99,17438574,12432735,44192,5539967,2017-01-01
8a,4391,62,1008,22313,10338018,14012,8243967,265934,20.21,6265931,1970739,3248,985901,2017-01-01
9,7407,204,674,17160,1749446,66851,851472,27467,49.99,68639,762367,1181,948919,2017-01-01
1,5958,63,3148,17555,28585281,51336,15056333,485688,47.27,7230724,7829698,18443,1705871,2016-12-01
10,3258,31,655,8954,5146495,12307,1058014,34129,79.36,70835,936147,1325,996161,2016-12-01
2,2504,28,1818,3312,21801675,473334,11456164,369554,46.69,8159411,3278842,10876,724793,2016-12-01
3,5260,596,1647,5761,4303067,214985,2450951,79063,41.29,568687,1852072,4094,1057029,2016-12-01
4,1152,7,227,1122,394227,930,233277,7525,40.74,26242,206174,641,164041,2016-12-01
5,963,9,258,1321,1155959,53382,480029,15485,56.86,20569,434140,220,180317,2016-12-01
6,3360,25,451,7476,6627444,5270,989344,31914,85.07,359478,621817,945,557452,2016-12-01
7b,5217,80,386,8712,1380246,17918,851791,27477,37.83,264563,587006,1679,643006,2016-12-01
7c,6025,58,733,16588,13552242,18173,7957127,256682,41.24,4602705,3341666,9650,1481536,2016-12-01
8,16673,95,6421,51755,53729478,234803,29676673,957312,44.61,17660160,11803258,43466,5597172,2016-12-01
8a,4419,43,983,22422,9994821,23224,8218529,265114,17.69,6271856,1938646,2190,980706,2016-12-01
9,7444,203,709,17172,1793770,63160,845225,27265,51.65,72923,785399,1301,933759,2016-12-01
1,5941,46,2352,15714,35174104,18132,14910383,497013,57.59,7051458,7821038,11450,1733696,2016-11-01
10,3142,67,586,8029,4930972,50250,1037292,34576,78.61,71716,978081,1107,884514,2016-11-01
2,2515,25,1892,3092,21778083,111540,10237124,341237,52.81,6825913,3372191,11094,721398,2016-11-01
3,5669,209,1816,5461,3883710,114060,2430024,81001,36.4,538586,1872953,4172,1102133,2016-11-01
4,1115,19,221,1065,348140,4410,227317,7577,34.26,25267,207055,250,159914,2016-11-01
5,945,5,251,1287,1240290,420,520235,17341,58.04,20068,508609,425,163107,2016-11-01
6,3377,45,425,7405,6083985,8070,951343,31712,84.36,327360,611033,997,549694,2016-11-01
7b,5141,89,375,7779,4292733,16782,840299,28010,80.29,249923,580376,722,638581,2016-11-01
7c,5923,88,712,16254,12535595,86370,7876705,262557,36.92,4616873,3225791,8398,1467899,2016-11-01
8,16549,125,6190,51204,50364444,274056,28516140,950538,43.19,17182663,11249416,28892,5347255,2016-11-01
8a,4429,24,1004,21917,9692676,5580,7970044,265668,17.75,6094948,1862321,2017,979051,2016-11-01
9,7554,123,711,15437,1654584,22770,842585,28086,48.59,64972,781220,767,952016,2016-11-01
1,5893,64,2727,15812,35680174,51336,15368142,495747,56.88,7396944,8011075,14166,1688088,2016-10-01
10,3108,88,565,8343,4785735,54684,1046837,33769,77.73,60771,972099,6176,920798,2016-10-01
2,2490,37,1872,3070,23809534,41812,10585858,341479,55.48,7213704,3375498,8008,677252,2016-10-01
3,5849,79,1910,5686,4321281,44405,2580501,83242,39.92,545536,2026586,6324,1109372,2016-10-01
4,1082,20,223,1083,373140,4922,238224,7685,35.7,29556,207801,238,158334,2016-10-01
5,962,8,248,1429,1274720,10013,527787,17025,58.32,23434,493985,424,171809,2016-10-01
6,3350,33,424,7253,1580907,5704,962968,31063,39.09,333080,623395,1216,536127,2016-10-01
7b,5111,104,384,8166,4444118,20675,848018,27355,80.76,253647,605920,865,629574,2016-10-01
7c,6013,45,745,16250,12043860,31676,7965104,256939,33.77,4661519,3285700,8579,1462333,2016-10-01
8,16524,105,6203,51640,52412673,522226,29293426,944949,43.76,17963077,11237838,47653,5327227,2016-10-01
8a,4430,25,997,22313,10061092,12361,8277718,267023,17.68,6319003,1962541,3618,964402,2016-10-01
9,7502,110,731,16369,1799345,33892,874527,28211,50.74,59911,806757,1701,953768,2016-10-01
1,5876,112,2219,17617,35083251,152698,14834554,494485,57.56,7239491,7581767,19153,1751860,2016-09-01
10,3232,68,627,9203,4822972,26945,1057313,35244,77.88,68963,1022008,1350,941745,2016-09-01
2,2469,59,1929,3178,25273294,1099440,10124210,337474,58.42,6810993,3313446,11838,685665,2016-09-01
3,5854,94,2006,6238,4438836,63990,2537245,84575,42.34,511812,2018722,6426,1098298,2016-09-01
4,1088,38,243,1124,369315,17570,221523,7384,38.35,26654,196761,14,161785,2016-09-01
5,952,22,254,1458,1433700,10050,519614,17320,63.51,22780,495762,619,161664,2016-09-01
6,3367,74,450,7898,1648548,18600,944766,31492,42.69,338497,611474,583,530099,2016-09-01
7b,4989,230,413,8803,4406566,37720,811241,27041,81.29,240845,562279,1404,630291,2016-09-01
7c,5963,97,777,16833,11780078,65390,7386210,246207,37.1,4307765,3078617,6840,1448355,2016-09-01
8,16458,238,6501,52976,54133777,396270,27698032,923268,48.58,16625805,11076772,50327,5251248,2016-09-01
8a,4395,66,1003,22753,10014893,115200,7923294,264110,20.48,6075556,1844982,2037,965502,2016-09-01
9,7543,201,788,18936,1910659,41185,865380,28846,53.95,67141,783349,1721,954367,2016-09-01
1,5799,177,2245,17380,35426640,466292,15094949,486934,56.93,7412580,7667635,12927,1694856,2016-08-01
10,3212,83,661,9272,5099167,48422,1075624,34698,78.57,45605,998707,3873,961031,2016-08-01
2,2448,78,1900,3158,26527093,372806,10913341,352043,58.37,7451537,3455501,7712,696262,2016-08-01
3,5819,155,1996,6201,4778276,68386,2661383,85851,43.8,496678,2144745,6672,1093704,2016-08-01
4,1095,44,238,1131,381517,9455,233263,7525,37.99,27447,207437,60,160762,2016-08-01
5,957,17,259,1487,1483655,2630,539312,17397,63.59,23380,516835,197,160461,2016-08-01
6,3414,37,458,7948,1684016,9951,976813,31510,42,350928,605508,11255,544666,2016-08-01
7b,5117,155,430,9056,1455981,24180,847298,27332,41.22,248957,592364,1547,635880,2016-08-01
7c,5994,68,826,16880,12914288,79298,7777721,250894,39.56,4526316,3252657,8006,1463906,2016-08-01
8,16524,166,6461,53067,56161660,292202,29385337,947914,47.5,17485636,11858489,46285,5326646,2016-08-01
8a,4409,52,1065,22399,10321019,109733,8250886,266158,19.69,6327307,1900864,1957,965856,2016-08-01
9,7536,199,800,18824,2095366,50153,901499,29081,56.14,76686,821695,2954,934982,2016-08-01
1,5871,108,2120,18194,34739283,268718,15357263,495396,55.52,7723518,7586909,15316,1735697,2016-07-01
10,3090,169,738,9161,4173511,263778,1060839,34221,72.37,51101,1006765,1048,905406,2016-07-01
2,2432,84,1870,3173,27053985,463365,11571958,373289,56.63,7843593,3728033,9014,691462,2016-07-01
3,5839,151,2047,6167,4914718,55732,2609060,84163,46.52,516736,2104156,5476,1088634,2016-07-01
4,1144,37,242,1160,398572,12121,242659,7828,38.05,29077,208896,349,164368,2016-07-01
5,973,10,258,1527,1563764,3348,587191,18942,62.38,24267,561792,241,163679,2016-07-01
6,3377,70,461,7953,1720996,21235,954595,30793,44.53,342506,612083,659,533363,2016-07-01
7b,5089,187,405,9034,1565719,31620,846752,27315,45.21,251768,598516,1393,616062,2016-07-01
7c,5975,98,844,16874,14272688,90377,7875811,254058,44.6,4597009,3271991,5586,1463468,2016-07-01
8,16509,172,6520,52965,57365471,552056,28944397,933690,49.21,16918078,11869156,54875,5330822,2016-07-01
8a,4422,53,1067,22744,10351434,13888,8293895,267545,19.83,6340637,1966781,2287,954612,2016-07-01
9,7544,226,804,18657,2128871,47110,893300,28816,57.26,71194,818568,2204,940756,2016-07-01
1,5736,211,2020,17728,32421103,1314641,14708222,490274,53.21,6812235,7913127,17183,1661789,2016-06-01
10,3128,141,748,9091,3928247,250694,1053369,35112,70.95,40112,1047353,1121,915154,2016-06-01
2,2475,56,1858,3210,24713511,699900,11867271,395576,50.99,8118037,3719066,14252,707410,2016-06-01
3,5877,133,2062,6229,4535946,60270,2490892,83030,44.62,513530,2018596,3592,1107767,2016-06-01
4,1152,26,266,1148,411370,8260,240060,8002,40.94,30683,211843,637,158717,2016-06-01
5,957,20,256,1513,1412990,42410,553982,18466,59.74,24204,534402,221,159214,2016-06-01
6,3404,57,460,7961,1671930,31560,928623,30954,44.46,342581,593897,1439,546857,2016-06-01
7b,5083,192,410,9220,1549847,31755,828209,27607,45.84,247695,591870,1129,618936,2016-06-01
7c,5980,77,847,16913,13627460,50739,7463695,248790,45.1,4176600,3287944,17028,1442554,2016-06-01
8,16557,123,6593,53507,54771099,681121,27702885,923430,48.99,15600732,12044887,46147,5238782,2016-06-01
8a,4442,53,1074,22486,19992375,25356,8020585,267353,59.84,6147513,1871707,1776,969657,2016-06-01
9,7616,163,831,18863,2060829,46050,865399,28847,57.23,72341,834190,2030,927920,2016-06-01
1,5804,181,3110,16775,31049327,199299,15515563,500502,49.8,7648665,7822057,14202,1772798,2016-05-01
10,3172,149,747,9713,3995970,85684,1119017,36097,71.25,44603,1080643,1626,959789,2016-05-01
2,2402,80,2252,2742,27847012,1699985,12242527,394920,53.9,8537974,3712569,7410,651623,2016-05-01
3,5840,135,2104,6206,5042909,124899,2638080,85099,46.82,570524,2049083,5557,1138489,2016-05-01
4,1151,35,269,1135,424236,7223,249790,8058,40.52,30563,218007,611,162301,2016-05-01
5,955,18,250,1444,1509033,26401,554338,17882,62.65,27331,528233,382,160980,2016-05-01
6,3357,128,445,7843,1756169,38843,954747,30798,45.63,349228,602197,7787,551721,2016-05-01
7b,5145,182,402,9120,1578745,38436,840828,27123,45.89,255924,582174,1246,649421,2016-05-01
7c,5965,94,839,17069,14307193,72103,7689073,248035,46.08,4362582,3312347,10619,1474517,2016-05-01
8,16494,131,6484,53810,54701313,947507,28338159,914134,47.59,16205209,12066240,48519,5201618,2016-05-01
8a,4462,39,1097,22652,20432422,21279,8292309,267494,59.38,6404550,1862140,2237,977381,2016-05-01
9,7599,184,822,18805,2178162,103653,915701,29539,56.29,79298,828992,2283,982458,2016-05-01
1,5850,127,2929,17008,30135327,910893,15240787,508026,48.37,7622842,7601944,49472,1709204,2016-04-01
10,3209,125,787,9418,4393780,62828,1136901,37897,73.62,37028,1077636,1696,983285,2016-04-01
2,2489,31,2315,2750,28760332,607620,12635242,421175,55.33,8506264,4080378,9794,706641,2016-04-01
3,5890,103,2120,6304,4922460,108630,2634878,87829,45.7,579046,2041621,4792,1126026,2016-04-01
4,1173,29,270,1172,418803,11460,251863,8395,38.9,29443,217467,457,167546,2016-04-01
5,938,26,226,1503,1124562,93252,454616,15154,56.67,39652,414051,249,152359,2016-04-01
6,3391,92,465,7874,1919476,27060,925640,30855,51.78,320747,604863,647,563739,2016-04-01
7b,5205,158,395,9239,1495318,29450,880284,29343,40.44,265415,599757,1963,656478,2016-04-01
7c,5982,67,850,17123,14596446,85320,7785305,259510,46.46,4271367,3507492,10757,1486810,2016-04-01
8,16497,103,6508,54102,50600072,567366,27084338,902811,46.08,14664024,12387682,45758,5167882,2016-04-01
8a,4467,42,1098,22923,19974039,27792,8216475,273883,58.82,6354603,1855309,1267,949670,2016-04-01
9,7615,160,822,19388,2159632,83310,911443,30381,56.45,72892,821634,2192,986043,2016-04-01
1,5865,122,2931,17022,32176511,174034,16460094,530971,48.66,8405130,8096809,16363,1778035,2016-03-01
10,3246,111,788,9787,4993367,87978,1248633,40278,74.38,35579,1243471,1597,967580,2016-03-01
2,2480,44,2290,2730,30894114,303512,13382638,431698,56.34,8995685,4398872,7725,669801,2016-03-01
3,5872,91,2113,6384,5131516,60076,2751782,88767,45.97,615559,2133442,6088,1103201,2016-03-01
4,1174,34,275,1158,466276,12090,261442,8434,43.02,33765,238246,673,157024,2016-03-01
5,932,20,231,1474,1089142,44950,489135,15779,53.65,43484,452488,170,151153,2016-03-01
6,3466,43,472,8033,2002042,11656,965211,31136,51.79,346517,619530,1753,569366,2016-03-01
7b,5281,127,406,9412,1549665,23126,917456,29595,40.27,277904,656698,2731,647946,2016-03-01
7c,6033,41,921,17200,14652665,50337,8117290,261848,44.48,4263720,3871640,9302,1498207,2016-03-01
8,16371,141,6186,54480,49768531,611533,27116154,874715,45.09,14871473,12298937,38691,5126171,2016-03-01
8a,4464,44,1096,22901,20432613,44268,8598200,277361,57.84,6647577,1975263,1506,941495,2016-03-01
9,7658,171,835,19195,2185861,44684,962561,31050,55.25,79278,908893,1258,976153,2016-03-01
1,5701,175,2842,16976,30655173,938779,15522343,535253,48.29,7863772,7643642,22063,1790288,2016-02-01
10,3286,90,794,10002,4855622,363341,1212904,41824,72.4,48450,1152491,1780,1016877,2016-02-01
2,2494,42,2229,2739,30286800,455990,13157490,453707,56.03,9017640,4116689,13237,685996,2016-02-01
3,5863,100,2082,6357,4902135,143289,2636748,90922,45.19,609340,2015476,5574,1104979,2016-02-01
4,1175,33,254,1187,454695,9296,258084,8899,42.52,32689,221674,306,173360,2016-02-01
5,943,16,238,1509,987072,45645,453674,15644,52.42,38740,415550,139,156153,2016-02-01
6,3452,71,444,8010,1892460,28623,939131,32384,50.38,331928,613672,697,568785,2016-02-01
7b,5230,181,404,9382,1460425,45450,854623,29470,40.39,250350,600037,1437,654862,2016-02-01
7c,6001,72,939,17125,14159753,114744,7326388,252634,47.98,3715503,3657866,8700,1517894,2016-02-01
8,16481,89,6056,54803,47311971,374061,25190488,868638,46.48,13110175,12068075,36746,5227259,2016-02-01
8a,4474,59,1107,22949,20195848,19807,8118741,279957,59.77,6229384,1880971,1975,974672,2016-02-01
9,7676,166,825,19180,2042020,50676,915476,31568,54.3,71884,829117,2299,1003716,2016-02-01
1,5656,196,2857,16638,34461349,507475,17319626,558698,49.23,8674205,8622973,30876,1864601,2016-01-01
10,3303,56,795,10190,5422635,49768,1335425,43078,75.05,54481,1314109,1334,1015849,2016-01-01
2,2482,35,2156,2747,31702381,58807,14064683,453699,55.57,9526068,4523104,10969,698539,2016-01-01
3,5795,139,2094,6261,5040044,48453,2817389,90884,43.76,648396,2177890,2618,1083059,2016-01-01
4,1169,35,259,1187,496374,10602,275140,8875,43.82,32722,235965,625,169006,2016-01-01
5,941,11,239,1471,1082481,18879,501543,16179,53.06,49861,456340,147,155961,2016-01-01
6,3493,34,466,7997,2030192,22754,1010350,32592,50.23,356734,647989,669,580740,2016-01-01
7b,5204,211,388,9324,1546153,42836,931988,30064,38.75,271021,676299,1737,655204,2016-01-01
7c,5960,87,1093,17151,13770980,50344,7647728,246701,44.34,3953742,3758969,10377,1556695,2016-01-01
8,16254,224,5861,54460,49282164,623878,26444774,853057,45.9,13702056,13178063,43670,5220086,2016-01-01
8a,4480,37,1153,23064,20811408,12741,8699495,280629,58.18,6756646,2041769,2527,971503,2016-01-01
9,7550,266,797,18976,2145527,74555,947269,30557,54.63,67039,902442,1123,975184,2016-01-01
1,5873,67,2779,17534,34766341,582787,17556405,566336,48.92,8845012,8714687,26270,1900062,2015-12-01
10,3356,56,804,9951,5776930,58652,1308152,42198,77,38943,1304820,989,1058426,2015-12-01
2,2483,30,2035,2762,30203813,233471,12549195,404813,58.18,8113383,4429818,11470,678658,2015-12-01
3,5864,80,2163,6257,5742840,29898,2897810,93478,49.36,656658,2255228,5690,1109285,2015-12-01
4,1170,47,223,1258,490538,10540,274983,8870,43.19,34509,239794,982,164615,2015-12-01
5,945,7,233,1442,997614,18600,498322,16075,49.4,54434,441542,113,173670,2015-12-01
6,3513,18,470,8061,1998834,4371,1003263,32363,49.81,340785,666820,1629,578694,2015-12-01
7b,5325,141,390,9522,1593353,28582,920788,29703,41.58,269417,661112,1589,686815,2015-12-01
7c,5996,76,1103,17168,13965361,173103,7381807,238123,46.71,3678177,3697965,11829,1628220,2015-12-01
8,16390,88,5908,55029,49094859,428296,25023288,807203,48.73,12651754,12167638,31184,5673132,2015-12-01
8a,4478,43,1148,23142,30770739,15097,8476843,273447,72.43,6547876,1883917,3014,1072983,2015-12-01
9,7665,164,806,19240,2184084,83469,965209,31136,54.47,58912,922904,2024,1013088,2015-12-01
1,5784,127,3106,16792,40998848,886406,16924717,564157,57.96,8346712,8539869,26879,1892613,2015-11-01
10,3369,37,799,10184,6167052,28170,1358773,45292,77.81,51965,1214283,440,1114045,2015-11-01
2,2449,43,1988,2642,31572295,316500,11430550,381018,63.44,6716034,4723059,10682,658340,2015-11-01
3,5821,96,2143,6236,5441773,85262,2774101,92470,48.47,626734,2109318,4193,1113235,2015-11-01
4,1128,68,217,1227,476229,16500,259339,8645,44.33,33136,220010,442,160975,2015-11-01
5,951,8,236,1442,1054748,52590,487664,16255,52.02,49789,434008,3452,169148,2015-11-01
6,3506,31,474,8058,1940488,8253,1008694,33623,48.02,337211,661653,790,583712,2015-11-01
7b,5272,203,388,9483,1520384,40495,918664,30622,38.64,261872,637717,2121,686210,2015-11-01
7c,5959,126,1184,17014,13872381,130635,7472496,249083,45.8,3494853,3900084,9705,1611889,2015-11-01
8,16293,120,6967,53766,46509963,762963,24475667,815856,46.8,11968150,12257307,28362,5445006,2015-11-01
8a,4474,44,1154,23135,20135028,12720,8507921,283597,57.72,6509310,1940225,7004,1027040,2015-11-01
9,7550,247,795,19077,2167903,117084,947946,31598,54.38,58931,863085,2231,1013285,2015-11-01
1,5686,146,3006,16794,42549695,1100670,17344284,559493,58.33,8103314,9168831,21361,1811042,2015-10-01
10,3316,77,839,9889,6008544,70480,1491543,48114,74.77,53745,1409895,1439,1009643,2015-10-01
2,2413,25,1886,2650,31340173,49724,12133491,391403,61.23,6899345,5210956,8754,675684,2015-10-01
3,5823,107,2178,6207,5574586,205829,2890008,93226,46.87,655488,2216628,5849,1072355,2015-10-01
4,1159,48,204,1283,522223,15934,267931,8643,47.63,38388,228176,1155,159529,2015-10-01
5,942,14,248,1459,1352623,44888,570817,18413,56.64,57400,440851,67,232424,2015-10-01
6,3499,31,494,8327,2311816,6262,1030844,33253,55.41,343094,676457,992,573683,2015-10-01
7b,5304,188,365,9379,1583213,50226,947031,30549,39.07,264042,664296,1550,678843,2015-10-01
7c,5947,166,1195,16963,14461547,124769,7752668,250086,46.09,3969800,3736636,9547,1532204,2015-10-01
8,16218,143,6860,53561,49366232,1337259,24417022,787646,49.59,11909132,12408556,28942,5178316,2015-10-01
8a,4526,22,1174,23176,20570686,7099,8782557,283308,57.29,6723734,2038524,1958,982219,2015-10-01
9,7408,325,775,18704,2286792,187316,979893,31609,54.28,57411,891438,2172,977764,2015-10-01
1,5642,150,2823,16884,42002340,988150,17163960,572132,58.31,7925352,9241376,18632,1778952,2015-09-01
10,3291,101,836,9511,6064680,79540,1461045,48702,75.45,40615,1424142,1309,974805,2015-09-01
2,2411,27,1800,2634,28496130,341970,12024995,400833,57.38,6952645,5079310,7702,655211,2015-09-01
3,5858,79,2188,6245,5558444,146640,2826853,94228,48.22,648646,2976122,3855,1067910,2015-09-01
4,1168,48,223,1330,524864,14400,278922,9297,45.9,45409,232791,376,160659,2015-09-01
5,940,20,255,1457,1517282,19991,511495,17050,65.83,48235,460644,162,169732,2015-09-01
6,3522,18,506,8334,6128528,2640,1044629,34821,82.95,348609,699563,583,567333,2015-09-01
7b,5342,149,410,9522,1541784,28333,956123,31871,37.34,263557,695670,1088,668014,2015-09-01
7c,5938,129,1178,17036,14165607,94240,7455478,248516,47.14,3851691,3605995,9524,1479634,2015-09-01
8,16141,149,7233,53334,50234201,978266,24152337,805078,51.24,11210298,12928115,49271,5092763,2015-09-01
8a,4461,57,1188,23033,20304047,59146,8353086,278436,58.76,6421835,1936067,1819,950172,2015-09-01
9,7629,169,796,19161,2146519,82260,967864,32262,53.57,58629,912113,1816,968759,2015-09-01
1,5620,228,2635,16313,42415109,1469689,17477447,563789,57.58,7670980,9803281,15343,1742029,2015-08-01
10,3337,45,819,10125,6417472,240616,1549958,49999,74.54,59948,1522236,1023,984797,2015-08-01
2,2419,18,1743,2664,27419690,18104,12576352,405689,54.11,7363713,5187670,4274,656947,2015-08-01
3,5821,104,2214,6220,6240429,96503,2984475,96273,51.63,661161,2322344,6330,1072105,2015-08-01
4,1137,77,217,1311,570552,32639,285299,9203,47.99,36137,247697,238,153783,2015-08-01
5,940,19,250,1472,1588618,62682,527918,17030,65.39,56295,467592,98,165106,2015-08-01
6,3514,40,508,8310,11221005,8246,1061640,34246,90.54,336719,707785,1297,557994,2015-08-01
7b,5339,178,404,9416,2040859,36175,985181,31780,51.11,278983,692627,1111,658982,2015-08-01
7c,5923,139,1192,16956,15305868,122458,7648325,246720,49.75,3468204,4179867,8420,1485603,2015-08-01
8,16134,154,7128,52566,57659271,2066079,24358522,785759,56.5,11065071,13255221,29156,5087179,2015-08-01
8a,4470,68,1198,23042,28309702,63355,8549215,275781,69.72,6576877,1987611,2552,957546,2015-08-01
9,7519,235,811,18938,2626298,114806,1019490,32887,59.65,61259,959289,2611,962105,2015-08-01
1,5721,126,2632,17044,43477333,713108,18309608,590633,57.31,7545371,10810000,23393,1787178,2015-07-01
10,3358,31,834,10176,6726842,85796,1566670,50538,76.26,61403,1523528,1119,1018284,2015-07-01
2,2429,13,1692,2666,25829729,15748,13079458,421918,49.34,7889357,5198898,9191,633926,2015-07-01
3,5865,82,2328,6073,6197851,48457,3069004,99000,50.21,680260,2396761,11008,1090252,2015-07-01
4,1188,42,221,1325,553729,10912,286335,9237,47.6,35335,250893,507,156476,2015-07-01
5,944,12,249,1529,1386981,12059,539400,17400,60.81,75338,469262,175,159669,2015-07-01
6,3482,74,500,8326,6703990,16182,1095526,35340,83.66,377059,731920,1348,539386,2015-07-01
7b,5289,189,406,9438,1665647,42110,970448,31305,40.85,270270,717432,1347,642968,2015-07-01
7c,5960,111,1227,16887,16242435,82140,7603809,245284,53.01,3410886,4245760,7696,1484303,2015-07-01
8,16082,172,7122,53160,52732592,1182025,24148833,778995,53.42,11215425,13001948,27100,5060214,2015-07-01
8a,4528,43,1197,23104,21099061,55955,8663037,279453,58.85,6711220,1977791,1568,980575,2015-07-01
9,7606,202,815,18948,2322705,70311,1037320,33462,54.28,60101,1007199,3424,973285,2015-07-01
1,5676,125,2341,17348,39250193,798270,16713656,557122,56.71,6874565,9896873,22620,1843692,2015-06-01
10,3327,32,831,10183,6591492,32190,1450587,48353,77.82,67898,1461425,742,1020637,2015-06-01
2,2385,16,1597,2673,22370826,134910,13161217,438707,40.96,8210650,4972536,14584,647124,2015-06-01
3,5841,104,2327,6019,6217497,85650,2855650,95188,53.59,657613,2239606,4326,1116813,2015-06-01
4,1188,49,245,1305,523286,9818,275935,9198,46.61,37820,243682,721,155171,2015-06-01
5,936,11,243,1493,1191483,14790,508302,16943,56.9,57881,459251,187,160314,2015-06-01
6,3569,13,503,8386,5642421,2700,1048540,34951,81.42,354761,702784,NA,572129,2015-06-01
7b,5345,148,413,9644,1661751,32077,944619,31487,42.48,260099,726796,1278,679791,2015-06-01
7c,6078,26,1256,17083,15276617,70380,7305290,243510,52.02,3224793,4127824,8573,1551778,2015-06-01
8,15980,146,7212,52573,49238588,1112842,23332795,777760,51.82,10822186,12586673,32628,5046976,2015-06-01
8a,4546,41,1195,23094,20623695,63779,8440024,281334,58.97,6517087,1977008,4875,1001728,2015-06-01
9,7636,204,816,18813,2180625,73550,971688,32390,54.26,57482,995008,2044,1017767,2015-06-01
1,5582,180,5066,14919,43043132,320943,17366689,560216,59.39,6908418,10436527,24566,1910618,2015-05-01
10,3319,20,831,10323,7222615,15934,1527780,49283,78.77,71992,1406200,759,1094523,2015-05-01
2,2413,21,1973,2236,25833797,70989,14268586,460277,44.67,8923152,5319509,17833,678323,2015-05-01
3,5696,203,2223,5963,5906711,106175,3036664,97957,47.96,688061,2339274,5421,1130146,2015-05-01
4,1184,58,244,1286,562953,25836,275498,8887,49.46,34290,233006,415,161892,2015-05-01
5,904,30,219,1482,1167938,150040,396656,12795,61.54,45728,353299,261,153675,2015-05-01
6,3533,30,498,8343,6236950,31651,1074421,34659,82.77,378308,680175,869,578595,2015-05-01
7b,5355,171,380,9752,1787528,40291,975107,31455,44.66,273654,672420,3661,728177,2015-05-01
7c,5946,110,1154,16858,16087191,119209,7526157,242779,52.96,3326502,4153961,8593,1583168,2015-05-01
8,15850,214,7179,52172,49493837,1231383,23981227,773588,50.68,11056806,12733902,35990,5141220,2015-05-01
8a,4491,72,1179,23033,21158538,76438,8731261,281654,58.61,6770076,1878621,2345,1052836,2015-05-01
9,7477,323,822,18443,2344772,73501,980067,31615,57.1,52117,866542,4506,1074817,2015-05-01
1,5630,133,4004,14898,41100037,820412,16865587,562186,58.27,6243388,10817103,20512,1889460,2015-04-01
10,3317,34,818,10323,7272185,508260,1484122,49471,77.15,28003,1485659,631,1034422,2015-04-01
2,2427,13,1975,2218,25146694,159996,13421518,447384,46.4,8046811,5363666,16836,661998,2015-04-01
3,5690,241,2167,5976,5365680,170544,2875000,95833,45.31,641720,2236696,6625,1108919,2015-04-01
4,1250,23,268,1337,538343,10800,265426,8848,49.99,33366,235302,836,159912,2015-04-01
5,879,42,202,1424,1031093,32520,396156,13205,60.48,59439,336807,211,149970,2015-04-01
6,3605,16,520,8368,6861303,14520,1086266,36209,84.17,375802,726448,3711,571887,2015-04-01
7b,5462,101,420,9795,1795082,22712,1018148,33938,42.84,274637,741325,1355,714643,2015-04-01
7c,6045,30,1088,17036,15527173,146722,7356904,245230,52.29,3294059,4196734,8991,1524722,2015-04-01
8,15838,156,7039,52316,45696032,1056149,22786428,759548,49.33,10793895,12252214,33365,4915373,2015-04-01
8a,4548,46,1133,23156,10880957,62218,8562077,285403,21.11,6656771,1936091,1895,978833,2015-04-01
9,7724,187,837,19351,2400691,58856,1055246,35175,55.19,59583,1019184,2792,1044512,2015-04-01
1,5576,133,4908,14725,41159675,565005,17920238,578072,55.98,6357560,11480172,43968,2069056,2015-03-01
10,3298,31,807,10398,7697855,91667,1657289,53461,78.05,63857,1661090,1525,1065195,2015-03-01
2,2413,17,1975,2176,25323369,295089,14944108,482068,40.58,9148802,5802751,13737,664463,2015-03-01
3,5681,216,2193,6007,5141998,135997,2785781,89864,44.9,629096,2136736,9259,1093664,2015-03-01
4,1196,45,250,1301,585576,19773,287932,9288,49.65,35449,244702,795,158984,2015-03-01
5,890,30,204,1445,1108479,47833,409354,13205,61.56,51500,361953,378,150482,2015-03-01
6,3602,NA,525,8329,7438375,NA,1148298,37042,84.56,399864,748262,3648,588570,2015-03-01
7b,5443,115,430,9857,1842473,21022,1040425,33562,43.13,286701,818896,1643,714272,2015-03-01
7c,5943,97,1160,16787,15016088,228915,7202749,232347,51.5,2947687,4481523,12554,1641917,2015-03-01
8,15704,193,7694,51046,45423574,1146819,22786765,735057,48.95,10838115,12392232,35316,5191272,2015-03-01
8a,4544,31,1121,23121,11401761,80166,9054205,292071,20.34,7049335,2160283,3120,1013782,2015-03-01
9,7687,238,843,19329,2445817,122887,1119585,36116,52.47,68201,1128395,2224,1071446,2015-03-01
1,5532,154,4735,14866,35966695,1230824,15434417,551229,55.89,4860725,10625990,35068,1969593,2015-02-01
10,3270,66,800,9970,6835154,87136,1418370,50656,78.8,54386,1304496,727,1115367,2015-02-01
2,2412,14,1964,2167,22868341,206724,12494530,446233,45.05,8105762,4361630,22375,681598,2015-02-01
3,5648,241,2177,5990,4542356,74368,2546042,90930,43.38,566795,1984982,6868,1078635,2015-02-01
4,1210,29,247,1308,509964,7196,245710,8775,51.32,32515,219199,484,150696,2015-02-01
5,883,16,188,1491,862792,87472,331982,11857,57.97,28496,297471,95,150695,2015-02-01
6,3500,NA,509,8325,5620597,NA,1047231,37401,81.37,364247,656441,1530,580387,2015-02-01
7b,5427,135,422,9921,1669583,29600,923760,32991,44.05,247579,602458,982,782172,2015-02-01
7c,5828,205,1100,16304,12986064,312867,6078268,217081,52.35,2322131,3615864,14788,1827271,2015-02-01
8,15547,231,7562,51164,40367990,693606,20263001,723679,49.2,9183115,10816718,32425,5531406,2015-02-01
8a,4535,53,1104,23141,10233104,69608,8171668,291845,19.91,6306770,1758896,1987,1165510,2015-02-01
9,7707,221,840,19261,2266001,164102,1001067,35752,53.29,56957,840009,1560,1139749,2015-02-01
1,5579,188,3589,14509,36046691,428620,17519457,565144,50.98,5464496,12101747,41048,2072280,2015-01-01
10,3168,121,754,9587,6215587,162936,1591732,51346,73.47,72302,1508866,1002,1031093,2015-01-01
2,2404,21,1988,2151,25893567,61256,13396776,432154,48.18,7955096,5418559,15560,681109,2015-01-01
3,5676,222,2195,5999,5161365,117707,2863051,92356,43.73,606639,2219203,7566,1093348,2015-01-01
4,1225,25,264,1296,561939,9455,276613,8923,50.19,35153,249091,317,158041,2015-01-01
5,871,29,185,1416,958551,52948,380397,12271,58.38,39136,340806,208,144692,2015-01-01
6,3529,37,511,8396,7442650,14413,1161644,37472,84.39,396340,754939,2146,561470,2015-01-01
7b,5348,180,433,9748,1794502,50832,982829,31704,44.24,264826,738324,1613,700423,2015-01-01
7c,5923,89,1226,16634,14475123,332156,6564314,211752,53.85,2414760,4170002,11272,1690867,2015-01-01
8,15541,177,7524,50459,43350177,1364849,20114684,648861,52.5,9152071,11100151,42139,5338025,2015-01-01
8a,4467,101,1079,22998,11558166,88753,8686365,280205,24.58,6819922,1912236,1703,1047392,2015-01-01
9,7635,260,864,19267,2514044,128535,1136165,36650,53.02,64885,1057753,3136,1038399,2015-01-01
1,5483,174,3482,14579,36303002,908269,17772193,573297,50.17,5633354,12046357,33091,2142033,2014-12-01
10,3249,52,739,10300,6443910,152396,1610101,51939,74.19,86757,1523371,1524,1021079,2014-12-01
2,2376,45,1947,2146,27125280,837372,13110200,422910,50.59,7818719,5284698,10926,645354,2014-12-01
3,5810,101,2174,6080,5055944,117596,2859803,92252,42.62,647915,2244581,7514,1068849,2014-12-01
4,1213,42,274,1278,504618,12617,282508,9113,43.14,36479,240219,1208,165002,2014-12-01
5,882,11,192,1337,954445,52266,395623,12762,56.63,24288,379638,229,142770,2014-12-01
6,3527,16,518,8422,1876185,3348,1186045,38260,36.78,385511,799308,972,554258,2014-12-01
7b,5417,172,434,9808,1799229,33667,1031364,33270,42.02,283577,720936,1804,730343,2014-12-01
7c,5937,57,1222,16692,13585528,99636,7013830,226253,48.12,2435627,4461910,11738,1734009,2014-12-01
8,15504,130,7369,50761,42496293,561034,22033354,710753,47.69,10027618,11537265,35717,5471941,2014-12-01
8a,4532,46,1050,23108,11468256,37227,9070800,292606,20.79,6916536,2072749,2158,1109066,2014-12-01
9,7860,162,907,19392,2482801,65410,1180274,38073,51.54,67940,1106681,5014,1047947,2014-12-01
1,5491,148,3810,14098,40621590,877140,16822759,560759,57.83,5074592,11621465,11776,2082524,2014-11-01
10,3253,41,755,10184,6396351,284370,1565527,52184,73.97,84446,1448314,1197,1016556,2014-11-01
2,2400,20,2067,2071,26831694,151020,12537309,417910,53.08,7192298,5309956,1741,645040,2014-11-01
3,5588,248,2143,5983,4960487,96840,2794662,93155,42.98,601810,2143291,6802,1083873,2014-11-01
4,1222,25,269,1288,483130,8670,278577,9286,41.71,34772,241665,400,160213,2014-11-01
5,888,10,191,1343,941004,75207,369303,12310,57.96,53203,301934,6721,146819,2014-11-01
6,3542,23,516,8368,1813687,4710,1098980,36633,39.41,367142,704933,907,553267,2014-11-01
7b,5432,164,433,9832,1642156,30455,990786,33026,39.02,271626,2479185,1683,710866,2014-11-01
7c,5911,102,1236,16459,12794705,138650,6718918,223964,47.11,2271607,4379684,9063,1601720,2014-11-01
8,15449,142,7289,50420,39919114,1026538,20864440,695481,46.83,9348695,11136781,79750,4982210,2014-11-01
8a,4551,40,1041,23253,10893633,21270,8772753,292425,19.4,6774614,1954924,901,1028231,2014-11-01
9,7879,209,887,19202,2362409,113664,1134008,37800,50.31,59470,1033056,2966,1032766,2014-11-01
1,5404,184,4664,14226,43202831,901125,17464897,563384,58.84,4869881,12608024,17751,1907434,2014-10-01
10,3208,72,739,10179,5865386,390910,1631689,52635,69.85,89747,1558899,1165,886571,2014-10-01
2,2360,30,1958,2063,25886896,291710,12052859,388802,53.05,7066449,4978986,8061,603585,2014-10-01
3,5614,248,2137,5951,5219632,241459,2823453,91079,44.29,610307,2232378,6972,1033288,2014-10-01
4,1227,22,267,1307,502572,7750,293891,9480,40.98,36179,260069,706,160983,2014-10-01
5,838,35,176,1359,696446,23684,296195,9555,56.28,32744,266697,288,134404,2014-10-01
6,3512,18,513,8207,1842042,4340,1141116,36810,38.05,378812,756112,1081,523440,2014-10-01
7b,5423,153,432,9755,1740832,31615,1034739,33379,39.93,257517,788537,1824,681232,2014-10-01
7c,5924,70,1187,16536,12744617,161069,6987097,225390,44.73,1830229,5187903,6943,1539736,2014-10-01
8,15393,136,7234,50379,39997681,526732,21217665,684441,46.49,8777583,12528670,29056,4635669,2014-10-01
8a,4557,29,1039,23296,11215481,63773,8688632,280278,22.33,6623977,2140166,2036,982138,2014-10-01
9,8012,147,893,19673,2432488,53507,1248036,40259,47.92,59885,1182061,2789,1033713,2014-10-01
1,5462,109,4565,14733,41111730,440224,17427739,580925,57.23,5272813,12041853,18243,1950851,2014-09-01
10,3206,73,730,10199,5591357,536627,1604079,53469,67.95,108485,1555307,1529,901923,2014-09-01
2,2346,29,1893,2051,25020094,271260,12577404,419247,49.35,7181105,5421521,4549,596881,2014-09-01
3,5660,207,2161,5927,5167250,170310,2740249,91342,45.82,588449,2125915,5885,1078231,2014-09-01
4,1188,41,253,1279,432360,10230,279443,9315,34.54,31890,235978,1324,160542,2014-09-01
5,850,19,179,1510,579030,27810,246280,8209,55.79,33670,209210,151,135190,2014-09-01
6,3561,18,517,8188,1842634,9060,1102618,36754,40.16,367002,734752,794,522672,2014-09-01
7b,5366,215,427,9459,1749373,42336,986625,32888,42.75,243863,725193,1689,688331,2014-09-01
7c,5888,95,1171,16352,12240110,64570,6491978,216399,46.78,1882208,4545664,7322,1567321,2014-09-01
8,15356,123,7384,49768,39493073,454800,19944376,664813,49.1,8586741,11188926,22156,4704674,2014-09-01
8a,4519,46,1041,23205,10979555,80500,8530867,284362,22.05,6601461,1854988,1098,1059886,2014-09-01
9,7972,174,936,19580,2361174,65956,1209707,40324,47.79,64276,1127915,2137,1035873,2014-09-01
1,5318,89,3470,14668,40777790,702863,18310031,590646,54.49,5457776,12932778,22443,1819461,2014-08-01
10,3118,105,658,10286,5310019,271717,1463543,47211,70.65,104315,1356593,1119,909979,2014-08-01
2,2343,19,1857,2056,25445413,340380,13416177,432780,46.81,6965306,6450160,4811,618230,2014-08-01
3,5591,270,2104,5900,5180885,266321,2744005,88516,45.24,556803,2164470,6222,1002335,2014-08-01
4,1186,28,255,1296,451791,15996,261057,8421,40.98,31581,233407,925,143788,2014-08-01
5,820,34,167,1463,514256,6944,245904,7932,51.71,22109,223691,208,125613,2014-08-01
6,3539,32,509,8171,1905074,7702,1147582,37019,39.76,382800,749299,1365,527157,2014-08-01
7b,5369,202,439,9519,1818618,64013,999657,32247,43.8,215254,778136,1671,676053,2014-08-01
7c,5884,83,1176,16300,12549788,183693,6577683,212183,47.07,1959068,4651292,7985,1499203,2014-08-01
8,15256,116,7261,49241,39095903,739364,20240001,652903,47.57,8487246,11722257,23511,4511900,2014-08-01
8a,4543,39,1034,23232,10756410,28916,8820403,284529,17.9,6853291,2010049,1638,982795,2014-08-01
9,7962,179,926,19529,2453049,102325,1187062,38292,50.15,70290,1129223,2499,1015086,2014-08-01
1,5302,130,4335,14379,40641275,756600,17412220,561685,56.5,4674051,12772052,17177,1898372,2014-07-01
10,3130,67,608,10545,5725881,232407,1460276,47106,73.08,97971,1351295,1733,932895,2014-07-01
2,2356,15,1879,1994,24392106,360158,12708491,409951,47.38,6118839,6584756,6548,612371,2014-07-01
3,5743,113,2121,6025,5046696,125271,2707481,87338,45.48,583385,2170732,5844,987806,2014-07-01
4,1228,6,247,1345,447454,1023,266463,8596,40.37,31613,240148,803,156988,2014-07-01
5,832,34,168,1472,554931,31186,247989,8000,53.34,32631,216167,91,125871,2014-07-01
6,3560,17,510,8170,1862970,2728,1133461,36563,39.16,369325,790487,1037,517096,2014-07-01
7b,5465,113,497,9831,1783964,23952,986609,31826,44.23,243803,764900,808,689783,2014-07-01
7c,5894,83,1093,16269,12595550,77272,6202847,200092,50.54,1704090,4470738,9927,1540970,2014-07-01
8,15167,124,7264,49142,38138951,262296,20180965,650999,46.84,8331954,11777607,27842,4445695,2014-07-01
8a,4570,22,1029,23210,10759984,25637,8781907,283287,18.3,6363713,2426209,2528,1032054,2014-07-01
9,8000,160,938,19667,2369994,73532,1207668,38957,47.96,69654,1152980,2777,1033658,2014-07-01
1,5362,72,3210,14696,36089578,391186,16893025,563101,52.81,4507549,12362907,18566,1952962,2014-06-01
10,3118,65,585,10437,5048430,197220,1352151,45072,71.85,81378,1222812,1311,903975,2014-06-01
2,2350,24,1803,1987,21942731,443214,12603293,420110,41.86,5906939,6691938,5393,600458,2014-06-01
3,5725,92,2102,6063,4642150,132210,2639839,87995,42.14,555280,2050857,6099,1039078,2014-06-01
4,1221,9,211,1376,473550,12420,260203,8673,44.13,28259,224828,806,156895,2014-06-01
5,855,7,171,1515,446340,12510,222070,7402,49.27,35356,187842,35,128307,2014-06-01
6,3501,42,NA,8077,1851381,9870,1116845,37229,39.68,376785,723330,1835,536594,2014-06-01
7b,5412,148,498,9649,1702858,28380,977502,32583,42.01,240239,716225,788,704806,2014-06-01
7c,5921,78,964,16326,11675484,71460,5611679,187056,51.72,1390986,4227217,7757,1518091,2014-06-01
8,15030,123,7366,48515,34814393,389070,18631660,621055,46.09,7984926,10561369,26301,4293712,2014-06-01
8a,4524,40,1019,23132,10393070,41070,8533933,284464,17.75,6156329,2371420,2108,1028138,2014-06-01
9,8059,109,925,19898,2186362,43255,1139073,37969,47.21,63742,1034742,2868,1059624,2014-06-01
1,5077,176,4789,13305,34371633,183196,16679434,538046,51.29,4598069,12220728,17670,1922306,2014-05-01
10,3031,101,568,10038,5528385,199764,1343969,43354,74.42,77474,1285310,2007,890722,2014-05-01
2,2306,32,1872,1798,21670095,183776,12046546,388598,44.11,5540121,6549748,4969,584629,2014-05-01
3,5684,123,2078,6035,4683613,146785,2692918,86868,41.41,584465,2105351,8451,1001859,2014-05-01
4,1188,40,205,1332,495074,12651,263991,8516,45.78,31848,241072,717,147320,2014-05-01
5,816,37,161,1398,460643,29698,227608,7342,48.33,22972,208037,48,126520,2014-05-01
6,3529,31,NA,8069,1925676,12245,1136425,36659,40.99,381140,757724,1429,525940,2014-05-01
7b,5337,168,473,9604,1764880,36434,1023335,33011,41.29,263968,749296,816,675552,2014-05-01
7c,5859,104,935,16119,9642464,60917,5656249,182460,41.12,1464417,4121777,17895,1492773,2014-05-01
8,14811,246,6785,47929,33886693,1027897,18550034,598388,44.2,7640300,10853296,27709,4068302,2014-05-01
8a,4489,73,845,23250,20784155,66154,8819364,284496,57.46,6388299,2358806,1348,1018963,2014-05-01
9,7819,269,922,19384,2456302,85671,1150901,37126,51.92,69335,1103405,2662,992174,2014-05-01
1,5190,122,4696,14033,32721311,307100,16356240,545208,49.69,4112558,12080398,17764,2064683,2014-04-01
10,3006,87,552,10423,4821008,1135020,1173529,39118,67.42,13732,1179960,1569,873427,2014-04-01
2,2227,89,1813,1740,20066890,324120,10929727,364324,44.97,4715046,6197502,4609,616119,2014-04-01
3,5579,215,2008,6043,4438020,78300,2672962,89099,39.15,564257,2115039,3903,992465,2014-04-01
4,1197,33,211,1340,485190,16500,259718,8657,45.28,28278,230998,3233,156851,2014-04-01
5,834,20,161,1465,452220,9450,232553,7752,47.84,22132,212839,247,129570,2014-04-01
6,3536,21,NA,8043,1839154,11400,1240910,41363,32.53,349882,892206,1649,533960,2014-04-01
7b,5343,157,496,9416,1705110,42672,987375,32913,41.22,243668,740437,3365,679174,2014-04-01
7c,5805,101,823,16022,10285540,271455,5476474,182549,45.83,1286268,4165908,9058,1442821,2014-04-01
8,14555,336,6575,47636,30533259,1247945,17449967,581666,41.42,7024851,10538465,21683,3953428,2014-04-01
8a,4484,64,806,23227,20498325,77700,8516007,283867,58.32,6140156,2428883,1858,939558,2014-04-01
9,7809,271,914,19814,2432986,72538,1125635,37521,52.69,74088,1052558,3650,1020815,2014-04-01
1,5125,117,4583,14101,34086006,276366,16396200,528910,51.61,4531879,11771077,26562,1904645,2014-03-01
10,3012,86,545,10310,5167020,191487,1210652,39053,75.27,46570,1163365,1710,924790,2014-03-01
2,2271,21,1752,1823,19970232,62844,10667758,344121,46.47,4077426,6580771,11314,614918,2014-03-01
3,5719,81,2067,6122,4981522,60078,2699086,87067,45.4,590211,2101662,5190,1015533,2014-03-01
4,1198,35,210,1339,559178,9176,279719,9023,49.4,32169,241423,762,165162,2014-03-01
5,844,8,157,1488,392899,34689,223921,7223,39.92,25795,194949,442,118746,2014-03-01
6,3553,31,NA,8204,1914012,7378,1094348,35302,42.82,355550,733054,1408,541351,2014-03-01
7b,5423,124,499,9557,1737892,36024,1013962,32708,40.93,247342,764169,2809,682263,2014-03-01
7c,5814,107,943,15782,10713143,241613,5353789,172703,49.24,1356039,4006016,9919,1395968,2014-03-01
8,14667,152,6414,48051,31808233,523306,18270389,589367,41.99,7372281,10710593,23092,4110046,2014-03-01
8a,4480,57,815,23059,20792104,45322,8846357,285366,57.38,6305923,2498490,2008,999374,2014-03-01
9,7856,212,911,19986,2546610,56840,1160548,37437,53.65,76599,1111392,2941,1040482,2014-03-01
1,5119,105,4333,14102,31586654,190616,14599461,521409,53.57,4311027,10163202,33002,1830150,2014-02-01
10,2977,74,525,10268,4569403,116172,1027246,36687,76.63,42446,942459,984,895901,2014-02-01
2,2244,17,1709,1818,18579986,29680,9804942,350177,47.17,4196083,5554716,18596,610124,2014-02-01
3,5681,96,2061,6091,4595753,44548,2429851,86780,46.79,517026,1901041,5254,1010562,2014-02-01
4,1191,28,210,1354,492030,11004,254126,9076,47.57,29144,225364,1281,154793,2014-02-01
5,827,15,159,1415,344400,3304,186947,6677,45.38,21613,164987,119,123590,2014-02-01
6,3524,29,NA,8158,1712626,9212,1035165,36971,39.56,338246,681937,964,529192,2014-02-01
7b,5352,161,496,9524,1578056,28147,890947,31820,42.92,224391,645011,1916,700339,2014-02-01
7c,5836,71,945,15815,10417373,147386,4706901,168104,54.32,1138375,3523726,9921,1409736,2014-02-01
8,14597,119,6053,47920,29288791,183002,16244519,580161,44.32,6544216,9584299,31328,3871454,2014-02-01
8a,4506,49,783,23018,19480270,18431,7946931,283819,59.17,5650869,2280032,2052,967828,2014-02-01
9,7937,158,898,19881,2319439,42764,1048351,37441,54.16,62124,957609,3290,1068253,2014-02-01
1,5042,103,3297,14713,35554582,153264,15967684,515087,54.94,4600496,11385186,8116,1716650,2014-01-01
10,2985,41,494,10409,5195848,26784,1038359,33495,79.84,15317,1055601,1834,813072,2014-01-01
2,2277,32,1646,1811,20147221,120249,9836013,317291,50.97,4994298,4847942,7740,561681,2014-01-01
3,5702,104,2043,6105,5230460,53475,2682373,86528,48.36,560862,2111829,4605,1003559,2014-01-01
4,1197,41,214,1284,551893,16616,275658,8892,49,32596,251363,1648,155424,2014-01-01
5,820,20,153,1402,374077,7812,198878,6415,46.1,21828,179933,113,123005,2014-01-01
6,3516,41,NA,8124,1930270,19065,1078860,34802,44.11,362442,718806,1147,521658,2014-01-01
7b,5353,163,580,9450,1698550,30092,993327,32043,40.9,228938,777665,2646,681045,2014-01-01
7c,5809,81,991,15648,11485911,143465,5200485,167758,54.29,1185897,4109089,13366,1354417,2014-01-01
8,14504,139,5916,47658,32768915,303955,17292011,557807,46.91,7000819,10445045,39022,3751265,2014-01-01
8a,4478,51,651,23101,20377014,19468,8895070,286938,56.31,6373673,2553300,1531,949579,2014-01-01
9,7893,186,872,19773,2557612,51863,1177716,37991,53.24,83267,1110166,2914,1039625,2014-01-01
1,5029,103,3136,13850,34738316,358236,15031374,484883,56.37,4267282,10676561,22429,1730149,2013-12-01
10,2969,46,467,10332,4604089,229307,937631,30246,77.89,13890,913886,1006,842013,2013-12-01
2,2279,16,1593,1821,19235132,253420,9623694,310442,49.51,4883230,4696341,26261,560509,2013-12-01
3,5541,248,1897,6078,5221016,112530,2689623,86762,47.73,537612,2150337,11910,980590,2013-12-01
4,1244,22,256,1324,548576,6138,272814,8800,49.88,34698,235052,1546,172094,2013-12-01
5,810,21,153,1473,352377,7781,195661,6312,43.7,33255,167517,66,119858,2013-12-01
6,3511,35,NA,8171,1951448,28334,1097194,35393,43.78,373797,741271,3491,526526,2013-12-01
7b,5394,121,556,9584,1669145,28474,949842,30640,42.5,230972,720829,572,699051,2013-12-01
7c,5848,64,926,15616,10586746,178808,4905681,158248,53.07,1065191,3776242,7528,1450777,2013-12-01
8,14363,199,5872,47265,31935520,394258,16620718,536152,47.52,6734398,9748043,28560,3844512,2013-12-01
8a,4495,38,635,23144,20227101,29884,8797038,283775,56.46,6364385,2483033,1921,979195,2013-12-01
9,7890,173,872,19747,2609053,42470,1136584,36664,55.87,77586,1045508,997,1056708,2013-12-01
1,5013,85,3209,13698,34163330,252036,13774397,459147,59.42,3857134,9848688,15865,1643148,2013-11-01
10,2946,59,451,9826,3456544,32310,963639,32121,71.79,15304,917666,891,815514,2013-11-01
2,2198,30,1587,1693,18774865,466615,8750261,291675,52.52,4797269,3921718,10632,550605,2013-11-01
3,5468,269,1849,6018,4674249,168978,2475835,82528,45.77,528810,1914326,7691,974408,2013-11-01
4,1222,22,254,1305,524076,18360,262181,8739,48.75,33123,218830,872,166405,2013-11-01
5,833,10,158,1505,417540,11040,211638,7055,48.39,32597,168415,63,129477,2013-11-01
6,3494,69,NA,8170,1842685,13200,1052426,35081,42.89,347166,666789,1737,542941,2013-11-01
7b,5320,140,569,9325,1555373,37643,931110,31037,39.29,240965,657102,1970,691295,2013-11-01
7c,5726,93,900,15347,9384486,146760,4146442,138215,55.27,896934,3190790,5362,1356901,2013-11-01
8,14142,196,5600,46695,29251627,508020,15607289,520243,46.04,6437307,8916463,18212,3625698,2013-11-01
8a,4466,66,499,23092,22215396,62430,8593411,286447,61.22,6213639,2283186,942,1025190,2013-11-01
9,7906,160,870,19803,2706474,38640,1162601,38753,56.54,82876,1058235,1568,1048439,2013-11-01
1,4871,118,3031,14720,34218040,252935,14142483,456209,58.41,4311240,9859745,17989,1562921,2013-10-01
10,2952,41,465,9908,3750169,335885,1039499,33532,69.15,15465,1048047,679,800819,2013-10-01
2,2226,38,1538,1670,19268801,561667,8649524,279017,54.09,4358921,4270514,13739,518820,2013-10-01
3,5524,241,1795,6137,4623180,58838,2667790,86058,41.85,532223,2146090,6474,955571,2013-10-01
4,1212,27,250,1301,629054,16244,264157,8521,57.1,35928,225844,2836,155812,2013-10-01
5,810,35,151,1494,397017,11470,208735,6733,46.41,22835,186582,91,111106,2013-10-01
6,3535,44,NA,8214,1831914,16368,1096555,35373,40.14,377036,738576,2980,519170,2013-10-01
7b,5360,137,578,9344,1612230,27063,941954,30386,40.99,240305,706824,1070,670333,2013-10-01
7c,5739,77,892,15287,8991395,111135,4609412,148691,48.3,1066339,3539874,18776,1289655,2013-10-01
8,14015,133,5486,45898,29050038,253797,16073739,518508,44.36,6677842,9422825,20676,3358167,2013-10-01
8a,4475,38,510,23240,12627833,15190,8773611,283020,30.48,6205095,2578450,852,943927,2013-10-01
9,7892,158,890,20004,2892622,52735,1223443,39466,57.07,87283,1127556,1112,1026279,2013-10-01
1,4839,154,2854,14318,32119392,196890,13642895,454763,57.31,4327202,9264952,19732,1569882,2013-09-01
10,2868,69,462,9633,3350901,59781,1072501,35750,67.37,3183,1068893,230,800806,2013-09-01
2,2238,18,1479,1716,18210966,43170,8965875,298863,50.68,4475242,4470712,8783,509884,2013-09-01
3,5669,90,1898,6163,4909574,63570,2554848,85162,47.51,511917,2012104,8729,979750,2013-09-01
4,1213,31,235,1356,552890,7890,262638,8755,52,33741,222195,1864,157246,2013-09-01
5,806,34,158,1571,388260,11940,198482,6616,47.8,33355,164453,248,110943,2013-09-01
6,3544,56,NA,8116,1823340,11070,1035686,34523,43.2,337867,678968,2722,542164,2013-09-01
7b,5348,144,579,9357,1547148,30302,897162,29905,41.33,216597,662082,2538,682161,2013-09-01
7c,5636,136,882,14974,8723524,166830,4173232,139108,51.49,965145,3132938,5296,1281264,2013-09-01
8,13781,210,5273,44515,27973094,474361,15039647,501322,45.64,6434491,8494853,19202,3347592,2013-09-01
8a,4450,66,524,23167,11750430,34740,8502068,283402,27.54,5975736,2544279,1261,943480,2013-09-01
9,7826,231,895,19666,2856213,73708,1194224,39807,57.29,83311,1098040,1824,1006864,2013-09-01
1,4841,136,2693,14704,31387126,510323,13728086,442841,55.69,4148225,9457039,15244,1520337,2013-08-01
10,2936,34,461,10216,3254095,15593,1065739,34379,67.08,15340,1016530,418,824514,2013-08-01
2,2238,18,1445,1712,19042366,243315,9193058,296550,51.28,4419318,4778478,11340,493049,2013-08-01
3,5713,67,1897,6196,5057653,32891,2626556,84728,47.84,497241,2115601,4628,971881,2013-08-01
4,1235,26,247,1367,584732,14508,268372,8657,53.24,36246,284921,1242,154181,2013-08-01
5,829,14,159,1611,378913,3472,195908,6320,47.98,28591,172322,172,117865,2013-08-01
6,3542,64,NA,8148,1880925,16957,1072555,34598,42.98,346798,727652,3084,519237,2013-08-01
7b,5411,86,541,9460,1631603,25577,912561,29437,43.52,216001,692650,1555,674846,2013-08-01
7c,5670,85,903,14783,8500966,45539,4028877,129964,52.42,981282,3093055,9646,1206784,2013-08-01
8,13751,155,5297,44945,28209797,311891,15337632,494762,45.24,6565646,8841879,16141,3200855,2013-08-01
8a,4459,70,527,23117,13243944,50406,8721942,281353,34.01,6132744,2593242,1577,965407,2013-08-01
9,7853,196,904,19804,3206091,44726,1251557,40373,60.47,93672,1177540,2442,1008208,2013-08-01
1,4794,184,2580,14716,30635969,473792,12871746,415218,57.44,3447762,9546301,17836,1411661,2013-07-01
10,2950,28,466,10258,3415594,181350,1047789,33800,67.47,17976,994851,318,798582,2013-07-01
2,2220,18,1399,1704,18519263,169374,9147190,295071,50.29,4126318,5015263,10344,517224,2013-07-01
3,5729,53,1853,6215,5018869,29481,2562053,82647,48.75,488866,2096206,4185,952710,2013-07-01
4,1243,21,245,1381,606217,19237,261024,8420,55.83,33900,235192,1266,155352,2013-07-01
5,838,7,155,1681,333374,3348,188381,6077,43.14,23933,175041,42,122660,2013-07-01
6,3569,35,NA,8187,1864436,4681,1102523,35565,40.87,366395,754532,3579,532760,2013-07-01
7b,5390,110,543,9331,1625434,24397,913736,29475,43.26,216061,707931,1308,671066,2013-07-01
7c,5718,44,910,14807,9448946,28148,4130988,133258,56.18,945016,3177184,10208,1272401,2013-07-01
8,13726,86,5239,44557,28077053,124629,15272108,492649,45.45,6437778,8735388,19761,3272347,2013-07-01
8a,4497,36,563,23250,13376376,28334,8774208,283039,34.33,6253116,2522768,1401,982684,2013-07-01
9,7961,128,918,20114,3187706,34813,1256497,40532,60.2,94044,1179362,2869,1042764,2013-07-01
1,4726,197,2414,14897,27911219,456565,12303720,410124,55.35,3390437,8857558,5624,1520856,2013-06-01
10,2906,65,451,10162,2793540,63840,989138,32971,63.79,15221,965644,1038,741434,2013-06-01
2,2159,25,1306,1720,16812314,224618,8483265,282776,49.07,3462654,5008614,7864,517323,2013-06-01
3,5486,224,1808,5964,4654725,220800,2340237,78008,48.06,534272,1812857,3330,940172,2013-06-01
4,1236,20,247,1387,584139,6630,264039,8801,54.4,34935,226253,1722,165689,2013-06-01
5,836,9,158,1664,311670,3570,177083,5903,42.78,31370,141748,311,132166,2013-06-01
6,3541,31,523,8130,1808823,6480,1071849,35728,40.74,355526,692885,2127,553792,2013-06-01
7b,5238,196,573,9188,1609688,38296,870717,29024,45.08,213419,652055,1300,671497,2013-06-01
7c,5660,93,853,14644,9206859,199522,3880072,129336,57.1,904140,2984851,8273,1247946,2013-06-01
8,13581,113,5033,43924,26000525,190920,14231754,474392,45.01,6037741,8133974,18229,3143153,2013-06-01
8a,4475,49,552,23242,11142981,33540,8415249,280508,24.37,5975927,2440738,3963,974345,2013-06-01
9,7784,241,911,19646,3192654,54869,1223830,40794,61.07,113876,1108659,1753,1047834,2013-06-01
1,4696,164,2688,14408,26844348,419559,11945008,385323,54.96,3238915,8714321,6897,1402959,2013-05-01
10,2926,52,465,10146,2230251,69440,1018043,32840,53.26,21686,1055916,483,734661,2013-05-01
2,2115,14,1364,1595,17610206,59311,8418223,271556,52.08,3214626,5241710,9369,511730,2013-05-01
3,5558,183,1779,6078,4475664,86771,2504012,80775,43.37,536837,1979134,4922,962555,2013-05-01
4,1242,15,247,1376,582159,7781,264250,8524,54.14,33870,229096,2248,164622,2013-05-01
5,835,11,158,1664,313162,2356,182828,5898,41.36,28179,157922,86,128111,2013-05-01
6,3538,44,511,8106,1889809,12741,1132942,36546,40.05,394271,733689,3076,528811,2013-05-01
7b,5399,114,586,9517,1592353,20646,904159,29166,42.76,209946,692034,929,677091,2013-05-01
7c,5681,66,868,14535,8917456,114158,3920947,126482,55.58,864156,3057862,9059,1255904,2013-05-01
8,13374,249,4852,43549,26236333,514817,14607967,471225,43.63,6504882,8264390,21201,3012620,2013-05-01
8a,4459,58,545,23311,11498878,64394,8833849,284963,22.98,6309276,2497717,60045,974531,2013-05-01
9,7860,142,912,19824,3746057,45300,1280597,41310,65.39,125741,1177064,2332,1049316,2013-05-01
1,4685,115,2584,14486,25821423,277078,10648415,354947,58.39,3106691,7458139,8901,1355511,2013-04-01
10,2890,69,481,9916,2158766,66210,1019508,33984,51.7,2136,1037214,830,789222,2013-04-01
2,2121,32,1289,1596,16243906,246286,7650770,255026,52.37,2599141,4986651,7057,551933,2013-04-01
3,5663,88,1817,6177,4410660,53840,2359245,78642,46.08,514841,1834332,4512,984191,2013-04-01
4,1244,13,259,1358,543144,8835,262835,8761,51.04,32033,229241,1405,166102,2013-04-01
5,844,8,161,1666,299779,1080,190443,6348,36.35,27686,165850,49,132422,2013-04-01
6,3551,26,525,8103,1876899,6144,1102249,36742,41.27,372607,734415,3758,529257,2013-04-01
7b,5410,103,577,9368,1510394,16918,871740,29058,41.89,203499,661916,1332,678733,2013-04-01
7c,5654,50,877,14421,8102912,47045,3776508,125884,53.19,846620,2965877,6648,1248327,2013-04-01
8,13286,260,4083,43240,24911175,767670,13872266,462409,43.23,6229269,7626058,18841,3081075,2013-04-01
8a,4414,102,384,23236,11080312,148650,8597215,286574,21.94,6178212,2402751,1508,989445,2013-04-01
9,7838,199,888,19454,3750377,63640,1239021,41301,66.37,118131,1105004,1697,1069065,2013-04-01
1,4589,122,2364,14076,24633343,305375,10575768,341154,56.63,3309585,7203135,10352,1251942,2013-03-01
10,2902,41,474,10250,2018650,8866,1093714,35281,45.67,20404,1170958,1120,814296,2013-03-01
2,2075,41,1214,1588,16483485,252955,8003562,258179,50.91,2318466,5697461,8756,485005,2013-03-01
3,5528,208,1728,5956,4558766,100781,2439948,78708,45.7,539961,1931410,12407,962537,2013-03-01
4,1240,11,266,1332,565263,5363,277469,8951,50.58,35079,236546,2414,166585,2013-03-01
5,817,24,153,1597,305339,16244,187599,6052,36.7,27888,157259,139,130237,2013-03-01
6,3483,76,503,8105,1921419,17498,1144984,36935,40.41,405242,727789,2927,525570,2013-03-01
7b,5260,174,570,9135,1582446,29913,904343,29172,42.19,205692,700804,1480,664934,2013-03-01
7c,5618,74,864,14137,7714489,46035,3766760,121508,50.96,848689,2856123,10697,1282239,2013-03-01
8,13293,134,4850,42808,25938585,416330,14676172,473425,42.86,6419225,8194423,26021,3087466,2013-03-01
8a,4412,70,536,23058,11435894,60264,8857174,285715,22.36,6418217,2463566,1031,975790,2013-03-01
9,7711,266,889,19754,4141951,65719,1305517,42113,67.93,124338,1188668,852,1035721,2013-03-01
1,4538,111,2258,14504,21760782,445000,8493484,303339,60.25,2265034,6203831,7759,1169192,2013-02-01
10,2893,40,472,10163,2095079,17192,916040,32716,55.99,11053,826380,1226,896995,2013-02-01
2,2064,42,1154,1580,14606226,357723,6709517,239626,53.21,1624574,5065689,8563,482782,2013-02-01
3,5643,98,1783,6095,4281703,56762,2270714,81097,46.5,475843,1748967,8133,1019913,2013-02-01
4,1247,20,251,1287,520658,21784,235335,8405,53.34,31596,206004,1459,160921,2013-02-01
5,837,13,161,1661,282550,2518,161113,5754,42.67,22705,135018,108,131027,2013-02-01
6,3551,32,526,8121,1761086,12132,1006549,35949,42.84,330477,673807,3183,529771,2013-02-01
7b,5355,118,588,9286,1405166,23816,811271,28974,41.67,177949,624502,1401,674273,2013-02-01
7c,5610,57,901,13951,6422731,80332,3341413,119336,47.54,766460,2596070,7987,1220742,2013-02-01
8,13237,111,4914,42366,22435446,420280,13158293,469939,40.69,5898801,7253790,29761,3006824,2013-02-01
8a,4450,53,551,23180,10314495,37240,8054638,287666,21.78,5826973,2231555,1467,1009134,2013-02-01
9,7850,147,889,19917,3265857,42531,1148203,41007,64.39,113899,1000238,1658,1061525,2013-02-01
